,RunNumber,Staves,Rows,PedestalValue
0,298596,1A,M1B,0.516888088268408
1,298596,1A,M1T,0.5229678000450348
2,298596,1A,M2B,0.6316145012384597
3,298596,1A,M2T,0.6561585228552128
4,298596,1A,M3B,0.39495609097050216
5,298596,1A,M3T,0.4877279891916235
6,298596,1A,M4B,0.40508894393154693
7,298596,1A,M4T,0.22900247691961273
8,298596,1A,S1B,0.4539518126548075
9,298596,1A,S1T,0.4671245215041657
10,298596,1A,S2B,0.5763341589732043
11,298596,1A,S2T,0.5398558883134429
12,298596,1A,S3B,0.3906777752758388
13,298596,1A,S3T,0.45823012834947086
14,298596,1A,S4B,0.31637018689484353
15,298596,1A,S4T,0.4976356676424229
16,298596,1C,M1B,0.4735419950461608
17,298596,1C,M1T,0.43920288223373116
18,298596,1C,M2B,0.2627786534564287
19,298596,1C,M2T,0.6156271110110336
20,298596,1C,M3B,0.6379193875253322
21,298596,1C,M3T,0.6016662913758163
22,298596,1C,M4B,0.678225624859266
23,298596,1C,M4T,0.581625759963972
24,298596,1C,S1B,0.45192524206259854
25,298596,1C,S1T,0.47489304210763345
26,298596,1C,S2B,0.5980634992118892
27,298596,1C,S2T,0.46228326953388876
28,298596,1C,S3B,0.48750281468137807
29,298596,1C,S3T,0.5586579599189372
30,298596,1C,S4B,0.6430984012609773
31,298596,1C,S4T,0.49921188921414095
32,298596,2A,M1B,0.5251069578923666
33,298596,2A,M1T,0.41004278315694664
34,298596,2A,M2B,0.7243863994595812
35,298596,2A,M2T,0.506867822562486
36,298596,2A,M3B,0.5541544697140284
37,298596,2A,M3T,0.6313893267282144
38,298596,2A,M4B,0.2713352848457555
39,298596,2A,M4T,0.43931546948885386
40,298596,2A,S1B,0.5226300382796667
41,298596,2A,S1T,0.4550776852060347
42,298596,2A,S2B,0.5737446521053817
43,298596,2A,S2T,0.47849583427156045
44,298596,2A,S3B,0.5573069128574646
45,298596,2A,S3T,0.5757712226975906
46,298596,2A,S4B,0.5757712226975906
47,298596,2A,S4T,0.5757712226975906
48,298596,2C,M1B,0.3396757487052466
49,298596,2C,M1T,0.42085115964872777
50,298596,2C,M2B,0.7926142760639496
51,298596,2C,M2T,0.5291600990767845
52,298596,2C,M3B,0.474667867597388
53,298596,2C,M3T,0.5093447421751858
54,298596,2C,M4B,0.5795991893717631
55,298596,2C,M4T,0.775951362305787
56,298596,2C,S1B,0.4361630263454177
57,298596,2C,S1T,0.4871650529160099
58,298596,2C,S2B,0.361630263454177
59,298596,2C,S2T,0.3136680927718982
60,298596,2C,S3B,0.7198829092546724
61,298596,2C,S3T,0.7660436838549876
62,298596,2C,S4B,0.7660436838549876
63,298596,2C,S4T,0.7660436838549876
64,298596,3A,M1B,0.5935600090069804
65,298596,3A,M1T,0.3751407340689034
66,298596,3A,M2B,0.5280342265255573
67,298596,3A,M2T,0.5573069128574646
68,298596,3A,M3B,0.27673947309164604
69,298596,3A,M3T,0.5613600540418825
70,298596,3A,M4B,0.48817833821211437
71,298596,3A,M4T,0.5904075658635443
72,298596,3A,S1B,0.5874802972303536
73,298596,3A,S1T,0.2533213240261203
74,298596,3A,S2B,0.49178113037604143
75,298596,3A,S2T,0.4820986264354875
76,298596,3A,S3B,0.16347669443818963
77,298596,3A,S3T,0.6244089169106057
78,298596,3A,S4B,0.6244089169106057
79,298596,3A,S4T,0.6244089169106057
80,298596,3C,M1B,0.48750281468137807
81,298596,3C,M1T,0.46566088718757037
82,298596,3C,M2B,0.37896870074307587
83,298596,3C,M2T,0.4620580950236433
84,298596,3C,M3B,0.6521053816707949
85,298596,3C,M3T,0.6349921188921415
86,298596,3C,M4B,0.5777977932897996
87,298596,3C,M4T,0.5681152893492457
88,298596,3C,S1B,0.4931321774375141
89,298596,3C,S1T,0.3638820085566314
90,298596,3C,S2B,0.45260076559333484
91,298596,3C,S2T,0.4665615852285521
92,298596,3C,S3B,0.5809502364332357
93,298596,3C,S3T,0.8070254447196578
94,298596,3C,S4B,0.8070254447196578
95,298596,3C,S4T,0.8070254447196578
96,298596,4A,M1B,0.6027921639270435
97,298596,4A,M1T,0.29024994370637247
98,298596,4A,M2B,0.4953839225399685
99,298596,4A,M2T,0.606620130601216
100,298596,4A,M3B,0.33055618104030626
101,298596,4A,M3T,0.7214591308263905
102,298596,4A,M4B,0.5136230578698492
103,298596,4A,M4T,0.47331682053591534
104,298596,4A,S1B,0.38549876154019364
105,298596,4A,S1T,0.2573744652105382
106,298596,4A,S2B,0.6034676874577798
107,298596,4A,S2T,0.6784507993695114
108,298596,4A,S3B,0.4339112812429633
109,298596,4A,S3T,0.5703670344517001
110,298596,4A,S4B,0.5703670344517001
111,298596,4A,S4T,0.5703670344517001
112,298596,4C,M1B,0.5514523755910831
113,298596,4C,M1T,0.1785633866246341
114,298596,4C,M2B,0.4035127223598289
115,298596,4C,M2T,0.6390452600765594
116,298596,4C,M3B,0.6494032875478496
117,298596,4C,M3T,0.6599864895293852
118,298596,4C,M4B,0.6579599189371763
119,298596,4C,M4T,0.47286647151542444
120,298596,4C,S1B,0.6043683854987616
121,298596,4C,S1T,0.5433460932222473
122,298596,4C,S2B,0.256248592659311
123,298596,4C,S2T,0.35892816933123173
124,298596,4C,S3B,0.5300607971177662
125,298596,4C,S3T,0.4998874127448773
126,298596,4C,S4B,0.4998874127448773
127,298596,4C,S4T,0.4998874127448773
128,298596,5A,M1B,0.5859040756586354
129,298596,5A,M1T,0.29632965548299933
130,298596,5A,M2B,0.5194775951362306
131,298596,5A,M2T,0.602566989416798
132,298596,5A,M3B,0.3591533438414771
133,298596,5A,M3T,0.6122494933573519
134,298596,5A,M4B,0.41679801846430986
135,298596,5A,M4T,0.49358252645800493
136,298596,5A,S1B,0.4264805224048638
137,298596,5A,S1T,0.3713127673947309
138,298596,5A,S2B,0.7174059896419726
139,298596,5A,S2T,0.48525106957892367
140,298596,5A,S3B,0.3794190497635668
141,298596,5A,S3T,0.6385949110560685
142,298596,5A,S4B,0.6385949110560685
143,298596,5A,S4T,0.6385949110560685
144,298596,5C,M1B,0.4866021166403963
145,298596,5C,M1T,0.2684080162125647
146,298596,5C,M2B,0.3717631164152218
147,298596,5C,M2T,0.584102679576672
148,298596,5C,M3B,0.7171808151317272
149,298596,5C,M3T,0.7369961720333258
150,298596,5C,M4B,0.7234857014185994
151,298596,5C,M4T,0.5998648952938528
152,298596,5C,S1B,0.5739698266156271
153,298596,5C,S1T,0.48750281468137807
154,298596,5C,S2B,0.30308489079036255
155,298596,5C,S2T,0.265480747579374
156,298596,5C,S3B,0.5982886737221347
157,298596,5C,S3T,0.6613375365908579
158,298596,5C,S4B,0.6613375365908579
159,298596,5C,S4T,0.6613375365908579
160,298596,6A,M1B,0.5354649853636568
161,298596,6A,M1T,0.41567214591308266
162,298596,6A,M2B,0.4798468813330331
163,298596,6A,M2T,0.5485251069578924
164,298596,6A,M3B,0.28169331231704575
165,298596,6A,M3T,0.6521053816707949
166,298596,6A,M4B,0.40621481648277413
167,298596,6A,M4T,0.5870299482098627
168,298596,6A,S1B,0.40081062823688357
169,298596,6A,S1T,0.20986264354875028
170,298596,6A,S2B,0.5208286421977032
171,298596,6A,S2T,0.574420175636118
172,298596,6A,S3B,0.4827741499662238
173,298596,6A,S3T,0.5606845305111461
174,298596,6A,S4B,0.5606845305111461
175,298596,6A,S4T,0.5606845305111461
176,298596,6C,M1B,0.4960594460707048
177,298596,6C,M1T,0.48750281468137807
178,298596,6C,M2B,0.46003152443143436
179,298596,6C,M2T,0.47962170682278765
180,298596,6C,M3B,0.6187795541544697
181,298596,6C,M3T,0.6780004503490205
182,298596,6C,M4B,0.561134879531637
183,298596,6C,M4T,0.5701418599414546
184,298596,6C,S1B,0.5964872776401712
185,298596,6C,S1T,0.5726187795541544
186,298596,6C,S2B,0.4258049988741275
187,298596,6C,S2T,0.41161900472866475
188,298596,6C,S3B,0.6052690835397433
189,298596,6C,S3T,0.7126773249268183
190,298596,6C,S4B,0.7126773249268183
191,298596,6C,S4T,0.7126773249268183
192,298596,7A,M1B,0.43030848907903624
193,298596,7A,M1T,0.37221346543571265
194,298596,7A,M2B,0.6021166403963072
195,298596,7A,M2T,0.6079711776626886
196,298596,7A,M3B,0.48705246566088717
197,298596,7A,M3T,0.6802521954514749
198,298596,7A,M4B,0.4023868498086017
199,298596,7A,M4T,0.4730916460256699
200,298596,7A,S1B,0.34564287322675075
201,298596,7A,S1T,0.2569241161900473
202,298596,7A,S2B,0.60099076784508
203,298596,7A,S2T,0.5719432560234181
204,298596,7A,S3B,0.5582076108984463
205,298596,7A,S3T,0.5899572168430534
206,298596,7A,S4B,0.5899572168430534
207,298596,7A,S4T,0.5899572168430534
208,298596,7C,M1B,0.4820986264354875
209,298596,7C,M1T,0.4575546048187345
210,298596,7C,M2B,0.4361630263454177
211,298596,7C,M2T,0.46881333033100653
212,298596,7C,M3B,0.70074307588381
213,298596,7C,M3T,0.6401711326277866
214,298596,7C,M4B,0.7234857014185994
215,298596,7C,M4T,0.5753208736770997
216,298596,7C,S1B,0.65728439540644
217,298596,7C,S1T,0.6027921639270435
218,298596,7C,S2B,0.34001351047061473
219,298596,7C,S2T,0.36770997523080384
220,298596,7C,S3B,0.6300382796667418
221,298596,7C,S3T,0.4836748480072056
222,298596,7C,S4B,0.4836748480072056
223,298596,7C,S4T,0.4836748480072056
224,298596,8A,M1B,0.5037153794190498
225,298596,8A,M1T,0.48750281468137807
226,298596,8A,M2B,0.5075433460932223
227,298596,8A,M2T,0.48750281468137807
228,298596,8A,M3B,0.4091420851159649
229,298596,8A,M3T,0.6563836973654582
230,298596,8A,M4B,0.47489304210763345
231,298596,8A,M4T,0.6723710875928846
232,298596,8A,S1B,0.39450574195001126
233,298596,8A,S1T,0.2544471965773475
234,298596,8A,S2B,0.6651655032650304
235,298596,8A,S2T,0.3465435712677325
236,298596,8A,S3B,0.6007655933348345
237,298596,8A,S3T,0.7187570367034452
238,298596,8A,S4B,0.7187570367034452
239,298596,8A,S4T,0.7187570367034452
240,298596,8C,M1B,0.48750281468137807
241,298596,8C,M1T,0.4877279891916235
242,298596,8C,M2B,0.36928619680252195
243,298596,8C,M2T,0.4665615852285521
244,298596,8C,M3B,0.6262103129925692
245,298596,8C,M3T,0.6187795541544697
246,298596,8C,M4B,0.6786759738797568
247,298596,8C,M4T,0.6120243188471065
248,298596,8C,S1B,0.6000900698040982
249,298596,8C,S1T,0.5924341364557533
250,298596,8C,S2B,0.36883584778203105
251,298596,8C,S2T,0.254222022067102
252,298596,8C,S3B,0.580049538392254
253,298596,8C,S3T,0.5719432560234181
254,298596,8C,S4B,0.5719432560234181
255,298596,8C,S4T,0.5719432560234181
256,302935,1A,M1B,0.4351497410493132
257,302935,1A,M1T,0.43976581850934476
258,302935,1A,M2B,0.516099977482549
259,302935,1A,M2T,0.46160774600315246
260,302935,1A,M3B,0.7160549425804998
261,302935,1A,M3T,0.5561810403062374
262,302935,1A,M4B,0.487953163701869
263,302935,1A,M4T,0.5852285521278991
264,302935,1A,S1B,0.5105832019815357
265,302935,1A,S1T,0.565976131501914
266,302935,1A,S2B,0.4200630488628687
267,302935,1A,S2T,0.4447196577347444
268,302935,1A,S3B,0.41409592434136455
269,302935,1A,S3T,0.6014411168655708
270,302935,1A,S4B,0.42152668317946407
271,302935,1A,S4T,0.47782031074082415
272,302935,1C,M1B,0.46577347444269307
273,302935,1C,M1T,0.45654131952263005
274,302935,1C,M2B,0.5460481873451926
275,302935,1C,M2T,0.474667867597388
276,302935,1C,M3B,0.45597838324701645
277,302935,1C,M3T,0.5282594010358027
278,302935,1C,M4B,0.4757937401486152
279,302935,1C,M4T,0.5455978383247017
280,302935,1C,S1B,0.5174510245440216
281,302935,1C,S1T,0.572393605043909
282,302935,1C,S2B,0.427606394956091
283,302935,1C,S2T,0.39608196352172936
284,302935,1C,S3B,0.48750281468137807
285,302935,1C,S3T,0.4672371087592885
286,302935,1C,S4B,0.48232380094573296
287,302935,1C,S4T,0.489529385273587
288,302935,2A,M1B,0.5508894393154695
289,302935,2A,M1T,0.47455528034226524
290,302935,2A,M2B,0.47556856563836974
291,302935,2A,M2T,0.5149741049313218
292,302935,2A,M3B,0.6212564737671695
293,302935,2A,M3T,0.5302859716280117
294,302935,2A,M4B,0.436838549876154
295,302935,2A,M4T,0.4809727538842603
296,302935,2A,S1B,0.4298581400585454
297,302935,2A,S1T,0.48750281468137807
298,302935,2A,S2B,0.3891015537041207
299,302935,2A,S2T,0.5444719657734745
300,302935,2A,S3B,0.6210312992569241
301,302935,2A,S3T,0.6660662013060121
302,302935,2A,S4B,0.6660662013060121
303,302935,2A,S4T,0.6660662013060121
304,302935,2C,M1B,0.45260076559333484
305,302935,2C,M1T,0.41398333708624185
306,302935,2C,M2B,0.4764692636793515
307,302935,2C,M2T,0.5059671245215042
308,302935,2C,M3B,0.32672821436613375
309,302935,2C,M3T,0.41679801846430986
310,302935,2C,M4B,0.4417923891015537
311,302935,2C,M4T,0.5600090069804098
312,302935,2C,S1B,0.41049313217743755
313,302935,2C,S1T,0.48817833821211437
314,302935,2C,S2B,0.6156271110110336
315,302935,2C,S2T,0.5154244539518127
316,302935,2C,S3B,0.5705922089619455
317,302935,2C,S3T,0.5415446971402837
318,302935,2C,S4B,0.5415446971402837
319,302935,2C,S4T,0.5415446971402837
320,302935,3A,M1B,0.44809727538842603
321,302935,3A,M1T,0.37221346543571265
322,302935,3A,M2B,0.5271335284845755
323,302935,3A,M2T,0.4832244989867147
324,302935,3A,M3B,0.5795991893717631
325,302935,3A,M3T,0.4886286872326053
326,302935,3A,M4B,0.5967124521504166
327,302935,3A,M4T,0.3791938752533213
328,302935,3A,S1B,0.4573294303084891
329,302935,3A,S1T,0.7158297680702544
330,302935,3A,S2B,0.4877279891916235
331,302935,3A,S2T,0.43030848907903624
332,302935,3A,S3B,0.48997973429407793
333,302935,3A,S3T,0.4902049088043234
334,302935,3A,S4B,0.4902049088043234
335,302935,3A,S4T,0.4902049088043234
336,302935,3C,M1B,0.48750281468137807
337,302935,3C,M1T,0.4877279891916235
338,302935,3C,M2B,0.4998874127448773
339,302935,3C,M2T,0.48344967349696016
340,302935,3C,M3B,0.47894618329205135
341,302935,3C,M3T,0.3965323125422202
342,302935,3C,M4B,0.3947309164602567
343,302935,3C,M4T,0.3028597162801171
344,302935,3C,S1B,0.5215041657284395
345,302935,3C,S1T,0.5287097500562936
346,302935,3C,S2B,0.4843503715379419
347,302935,3C,S2T,0.4357126773249268
348,302935,3C,S3B,0.4764692636793515
349,302935,3C,S3T,0.3830218419274938
350,302935,3C,S4B,0.3830218419274938
351,302935,3C,S4T,0.3830218419274938
352,302935,4A,M1B,0.41432109885161
353,302935,4A,M1T,0.4456203557757262
354,302935,4A,M2B,0.4983111911731592
355,302935,4A,M2T,0.4872776401711326
356,302935,4A,M3B,0.5417698716505291
357,302935,4A,M3T,0.4769196126998424
358,302935,4A,M4B,0.5028146813780681
359,302935,4A,M4T,0.4832244989867147
360,302935,4A,S1B,0.3796442242738122
361,302935,4A,S1T,0.5768970952488178
362,302935,4A,S2B,0.5516775501013286
363,302935,4A,S2T,0.4809727538842603
364,302935,4A,S3B,0.4771447872100878
365,302935,4A,S3T,0.5190272461157397
366,302935,4A,S4B,0.5190272461157397
367,302935,4A,S4T,0.5190272461157397
368,302935,4C,M1B,0.4904300833145688
369,302935,4C,M1T,0.5332132402612024
370,302935,4C,M2B,0.4888538617428507
371,302935,4C,M2T,0.3958567890114839
372,302935,4C,M3B,0.4893042107633416
373,302935,4C,M3T,0.48187345192524206
374,302935,4C,M4B,0.5156496284620581
375,302935,4C,M4T,0.5136230578698492
376,302935,4C,S1B,0.48750281468137807
377,302935,4C,S1T,0.5579824363882009
378,302935,4C,S2B,0.4877279891916235
379,302935,4C,S2T,0.4350371537941905
380,302935,4C,S3B,0.48750281468137807
381,302935,4C,S3T,0.4512497185318622
382,302935,4C,S4B,0.4512497185318622
383,302935,4C,S4T,0.4512497185318622
384,302935,5A,M1B,0.3920288223373114
385,302935,5A,M1T,0.48750281468137807
386,302935,5A,M2B,0.5014636343165954
387,302935,5A,M2T,0.48750281468137807
388,302935,5A,M3B,0.5777977932897996
389,302935,5A,M3T,0.4904300833145688
390,302935,5A,M4B,0.4820986264354875
391,302935,5A,M4T,0.4411168655708174
392,302935,5A,S1B,0.37604143210988517
393,302935,5A,S1T,0.48750281468137807
394,302935,5A,S2B,0.4685881558207611
395,302935,5A,S2T,0.45890565188020715
396,302935,5A,S3B,0.602566989416798
397,302935,5A,S3T,0.4884035127223598
398,302935,5A,S4B,0.4884035127223598
399,302935,5A,S4T,0.4884035127223598
400,302935,5C,M1B,0.5958117541094348
401,302935,5C,M1T,0.6005404188245891
402,302935,5C,M2B,0.5154244539518127
403,302935,5C,M2T,0.41904976356676427
404,302935,5C,M3B,0.43188471065075434
405,302935,5C,M3T,0.37604143210988517
406,302935,5C,M4B,0.427606394956091
407,302935,5C,M4T,0.436838549876154
408,302935,5C,S1B,0.48750281468137807
409,302935,5C,S1T,0.5133978833596037
410,302935,5C,S2B,0.41116865570817385
411,302935,5C,S2T,0.49786084215266835
412,302935,5C,S3B,0.47556856563836974
413,302935,5C,S3T,0.41049313217743755
414,302935,5C,S4B,0.41049313217743755
415,302935,5C,S4T,0.41049313217743755
416,302935,6A,M1B,0.48750281468137807
417,302935,6A,M1T,0.487953163701869
418,302935,6A,M2B,0.4877279891916235
419,302935,6A,M2T,0.37311416347669446
420,302935,6A,M3B,0.49110560684530513
421,302935,6A,M3T,0.46183292051339786
422,302935,6A,M4B,0.5492006304886287
423,302935,6A,M4T,0.3087142535464985
424,302935,6A,S1B,0.4014861517676199
425,302935,6A,S1T,0.48750281468137807
426,302935,6A,S2B,0.46070704796217066
427,302935,6A,S2T,0.4877279891916235
428,302935,6A,S3B,0.6003152443143436
429,302935,6A,S3T,0.4949335735194776
430,302935,6A,S4B,0.4949335735194776
431,302935,6A,S4T,0.4949335735194776
432,302935,6C,M1B,0.48750281468137807
433,302935,6C,M1T,0.48750281468137807
434,302935,6C,M2B,0.4161224949335735
435,302935,6C,M2T,0.4098176086467012
436,302935,6C,M3B,0.4032875478495834
437,302935,6C,M3T,0.4321098851609998
438,302935,6C,M4B,0.5516775501013286
439,302935,6C,M4T,0.5293852735870299
440,302935,6C,S1B,0.48750281468137807
441,302935,6C,S1T,0.6021166403963072
442,302935,6C,S2B,0.5446971402837198
443,302935,6C,S2T,0.4249043008331457
444,302935,6C,S3B,0.5102454402161676
445,302935,6C,S3T,0.37829317721233957
446,302935,6C,S4B,0.37829317721233957
447,302935,6C,S4T,0.37829317721233957
448,302935,7A,M1B,0.37266381445620356
449,302935,7A,M1T,0.48750281468137807
450,302935,7A,M2B,0.41229452825940105
451,302935,7A,M2T,0.37266381445620356
452,302935,7A,M3B,0.5147489304210764
453,302935,7A,M3T,0.4350371537941905
454,302935,7A,M4B,0.4287322675073182
455,302935,7A,M4T,0.3803197478045485
456,302935,7A,S1B,0.5284845755460482
457,302935,7A,S1T,0.6007655933348345
458,302935,7A,S2B,0.5424453951812654
459,302935,7A,S2T,0.37311416347669446
460,302935,7A,S3B,0.5242062598513848
461,302935,7A,S3T,0.491555955865796
462,302935,7A,S4B,0.491555955865796
463,302935,7A,S4T,0.491555955865796
464,302935,7C,M1B,0.48750281468137807
465,302935,7C,M1T,0.48750281468137807
466,302935,7C,M2B,0.40081062823688357
467,302935,7C,M2T,0.427606394956091
468,302935,7C,M3B,0.48750281468137807
469,302935,7C,M3T,0.40734068903400134
470,302935,7C,M4B,0.48119792839450576
471,302935,7C,M4T,0.48750281468137807
472,302935,7C,S1B,0.4836748480072056
473,302935,7C,S1T,0.5111461382571493
474,302935,7C,S2B,0.438865120468363
475,302935,7C,S2T,0.4647601891465886
476,302935,7C,S3B,0.4884035127223598
477,302935,7C,S3T,0.49808601666291374
478,302935,7C,S4B,0.49808601666291374
479,302935,7C,S4T,0.49808601666291374
480,302935,8A,M1B,0.48750281468137807
481,302935,8A,M1T,0.48750281468137807
482,302935,8A,M2B,0.4888538617428507
483,302935,8A,M2T,0.48750281468137807
484,302935,8A,M3B,0.5985138482323801
485,302935,8A,M3T,0.47511821661787884
486,302935,8A,M4B,0.48750281468137807
487,302935,8A,M4T,0.4836748480072056
488,302935,8A,S1B,0.47106507543346093
489,302935,8A,S1T,0.4888538617428507
490,302935,8A,S2B,0.4091420851159649
491,302935,8A,S2T,0.47174059896419723
492,302935,8A,S3B,0.49178113037604143
493,302935,8A,S3T,0.489529385273587
494,302935,8A,S4B,0.489529385273587
495,302935,8A,S4T,0.489529385273587
496,302935,8C,M1B,0.48750281468137807
497,302935,8C,M1T,0.532988065750957
498,302935,8C,M2B,0.48750281468137807
499,302935,8C,M2T,0.4861517676199054
500,302935,8C,M3B,0.41184417923891015
501,302935,8C,M3T,0.5163251519927944
502,302935,8C,M4B,0.4282819184868273
503,302935,8C,M4T,0.5115964872776402
504,302935,8C,S1B,0.5129475343391128
505,302935,8C,S1T,0.48750281468137807
506,302935,8C,S2B,0.41927493807700966
507,302935,8C,S2T,0.5165503265030399
508,302935,8C,S3B,0.43301058320198155
509,302935,8C,S3T,0.4249043008331457
510,302935,8C,S4B,0.4249043008331457
511,302935,8C,S4T,0.4249043008331457
512,303245,1A,M1B,0.49121819410042783
513,303245,1A,M1T,0.5246566088718757
514,303245,1A,M2B,0.2722359828867372
515,303245,1A,M2T,0.43931546948885386
516,303245,1A,M3B,0.5212789912181941
517,303245,1A,M3T,0.3936050439090295
518,303245,1A,M4B,0.516099977482549
519,303245,1A,M4T,0.43188471065075434
520,303245,1A,S1B,0.4913307813555505
521,303245,1A,S1T,0.4877279891916235
522,303245,1A,S2B,0.41184417923891015
523,303245,1A,S2T,0.4843503715379419
524,303245,1A,S3B,0.4983111911731592
525,303245,1A,S3T,0.39225399684755685
526,303245,1A,S4B,0.44156721459130827
527,303245,1A,S4T,0.3832470164377393
528,303245,1C,M1B,0.4614951587480297
529,303245,1C,M1T,0.5005629362756137
530,303245,1C,M2B,0.6264354875028146
531,303245,1C,M2T,0.5149741049313218
532,303245,1C,M3B,0.40013510470614727
533,303245,1C,M3T,0.4854762440891691
534,303245,1C,M4B,0.41747354199504616
535,303245,1C,M4T,0.46881333033100653
536,303245,1C,S1B,0.4861517676199054
537,303245,1C,S1T,0.45496509795091195
538,303245,1C,S2B,0.5703670344517001
539,303245,1C,S2T,0.5383922539968475
540,303245,1C,S3B,0.48750281468137807
541,303245,1C,S3T,0.4764692636793515
542,303245,1C,S4B,0.4661112362080613
543,303245,1C,S4T,0.3773924791713578
544,303245,2A,M1B,0.5732943030848908
545,303245,2A,M1T,0.4109434811979284
546,303245,2A,M2B,0.461382571492907
547,303245,2A,M2T,0.8522855212789913
548,303245,2A,M3B,0.516099977482549
549,303245,2A,M3T,0.527358702994821
550,303245,2A,M4B,0.5676649403287548
551,303245,2A,M4T,0.21931997297905875
552,303245,2A,S1B,0.5235307363206485
553,303245,2A,S1T,0.48817833821211437
554,303245,2A,S2B,0.7797793289799595
555,303245,2A,S2T,0.8678225624859266
556,303245,2A,S3B,0.45305111461382575
557,303245,2A,S3T,0.40936725962621034
558,303245,2A,S4B,0.40936725962621034
559,303245,2A,S4T,0.40936725962621034
560,303245,2C,M1B,0.37491555955865796
561,303245,2C,M1T,0.35892816933123173
562,303245,2C,M2B,0.6390452600765594
563,303245,2C,M2T,0.8730015762215717
564,303245,2C,M3B,0.4674622832695339
565,303245,2C,M3T,0.4809727538842603
566,303245,2C,M4B,0.5476244089169107
567,303245,2C,M4T,0.506867822562486
568,303245,2C,S1B,0.4771447872100878
569,303245,2C,S1T,0.40779103805449224
570,303245,2C,S2B,0.8178338212114389
571,303245,2C,S2T,0.7565863544246791
572,303245,2C,S3B,0.427606394956091
573,303245,2C,S3T,0.3758162575996397
574,303245,2C,S4B,0.3758162575996397
575,303245,2C,S4T,0.3758162575996397
576,303245,3A,M1B,0.5066426480522405
577,303245,3A,M1T,0.6352172934023869
578,303245,3A,M2B,0.42130150866921867
579,303245,3A,M2T,0.3958567890114839
580,303245,3A,M3B,0.5235307363206485
581,303245,3A,M3T,0.3661337536590858
582,303245,3A,M4B,0.5455978383247017
583,303245,3A,M4T,0.6237333933798694
584,303245,3A,S1B,0.4987615401936501
585,303245,3A,S1T,0.2587255122720108
586,303245,3A,S2B,0.37086241837424005
587,303245,3A,S2T,0.6023418149065526
588,303245,3A,S3B,0.568790812879982
589,303245,3A,S3T,0.40779103805449224
590,303245,3A,S4B,0.40779103805449224
591,303245,3A,S4T,0.40779103805449224
592,303245,3C,M1B,0.48750281468137807
593,303245,3C,M1T,0.4877279891916235
594,303245,3C,M2B,0.5942355325377168
595,303245,3C,M2T,0.6016662913758163
596,303245,3C,M3B,0.4032875478495834
597,303245,3C,M3T,0.3780680027020941
598,303245,3C,M4B,0.4287322675073182
599,303245,3C,M4T,0.37221346543571265
600,303245,3C,S1B,0.36996172033325825
601,303245,3C,S1T,0.3375365908579149
602,303245,3C,S2B,0.6041432109885161
603,303245,3C,S2T,0.5323125422202206
604,303245,3C,S3B,0.4769196126998424
605,303245,3C,S3T,0.5633866246340914
606,303245,3C,S4B,0.5633866246340914
607,303245,3C,S4T,0.5633866246340914
608,303245,4A,M1B,0.4872776401711326
609,303245,4A,M1T,0.5032650303985589
610,303245,4A,M2B,0.3906777752758388
611,303245,4A,M2T,0.5106957892366584
612,303245,4A,M3B,0.5338887637919387
613,303245,4A,M3T,0.37716730466111237
614,303245,4A,M4B,0.516099977482549
615,303245,4A,M4T,0.5399684755685656
616,303245,4A,S1B,0.7025444719657734
617,303245,4A,S1T,0.455753208736771
618,303245,4A,S2B,0.25782481423102904
619,303245,4A,S2T,0.6088718757036704
620,303245,4A,S3B,0.4886286872326053
621,303245,4A,S3T,0.37424003602792166
622,303245,4A,S4B,0.37424003602792166
623,303245,4A,S4T,0.37424003602792166
624,303245,4C,M1B,0.2573744652105382
625,303245,4C,M1T,0.5122720108083765
626,303245,4C,M2B,0.5773474442693087
627,303245,4C,M2T,0.391803647827066
628,303245,4C,M3B,0.5507768520603468
629,303245,4C,M3T,0.40081062823688357
630,303245,4C,M4B,0.3575771222697591
631,303245,4C,M4T,0.5115964872776402
632,303245,4C,S1B,0.34969601441116865
633,303245,4C,S1T,0.401035802747129
634,303245,4C,S2B,0.6586354424679126
635,303245,4C,S2T,0.6142760639495609
636,303245,4C,S3B,0.5127223598288674
637,303245,4C,S3T,0.47106507543346093
638,303245,4C,S4B,0.47106507543346093
639,303245,4C,S4T,0.47106507543346093
640,303245,5A,M1B,0.48750281468137807
641,303245,5A,M1T,0.6093222247241612
642,303245,5A,M2B,0.36883584778203105
643,303245,5A,M2T,0.38662463409142084
644,303245,5A,M3B,0.4249043008331457
645,303245,5A,M3T,0.3120918712001801
646,303245,5A,M4B,0.5296104480972754
647,303245,5A,M4T,0.6005404188245891
648,303245,5A,S1B,0.6289124071155145
649,303245,5A,S1T,0.4872776401711326
650,303245,5A,S2B,0.3717631164152218
651,303245,5A,S2T,0.584102679576672
652,303245,5A,S3B,0.37041206935374915
653,303245,5A,S3T,0.3821211438865121
654,303245,5A,S4B,0.3821211438865121
655,303245,5A,S4T,0.3821211438865121
656,303245,5C,M1B,0.3028597162801171
657,303245,5C,M1T,0.389777077234857
658,303245,5C,M2B,0.6014411168655708
659,303245,5C,M2T,0.545823012834947
660,303245,5C,M3B,0.49358252645800493
661,303245,5C,M3T,0.42197703219995497
662,303245,5C,M4B,0.4102679576671921
663,303245,5C,M4T,0.48682729115064177
664,303245,5C,S1B,0.28574645350146366
665,303245,5C,S1T,0.4019365007881108
666,303245,5C,S2B,0.6804773699617204
667,303245,5C,S2T,0.7174059896419726
668,303245,5C,S3B,0.46453501463634317
669,303245,5C,S3T,0.5055167755010133
670,303245,5C,S4B,0.5055167755010133
671,303245,5C,S4T,0.5055167755010133
672,303245,6A,M1B,0.4893042107633416
673,303245,6A,M1T,0.5586579599189372
674,303245,6A,M2B,0.37198829092546726
675,303245,6A,M2T,0.5440216167529836
676,303245,6A,M3B,0.4591308263904526
677,303245,6A,M3T,0.37311416347669446
678,303245,6A,M4B,0.5660887187570367
679,303245,6A,M4T,0.4960594460707048
680,303245,6A,S1B,0.6766494032875479
681,303245,6A,S1T,0.6027921639270435
682,303245,6A,S2B,0.36072956541319523
683,303245,6A,S2T,0.36793514974104935
684,303245,6A,S3B,0.2616527809052015
685,303245,6A,S3T,0.38077009682503943
686,303245,6A,S4B,0.38077009682503943
687,303245,6A,S4T,0.38077009682503943
688,303245,6C,M1B,0.37221346543571265
689,303245,6C,M1T,0.37221346543571265
690,303245,6C,M2B,0.6946633641071831
691,303245,6C,M2T,0.6908353974330106
692,303245,6C,M3B,0.4832244989867147
693,303245,6C,M3T,0.5167755010132853
694,303245,6C,M4B,0.3891015537041207
695,303245,6C,M4T,0.4793965323125422
696,303245,6C,S1B,0.25714929070029274
697,303245,6C,S1T,0.25782481423102904
698,303245,6C,S2B,0.6595361405088944
699,303245,6C,S2T,0.6057194325602342
700,303245,6C,S3B,0.5278090520153119
701,303245,6C,S3T,0.6021166403963072
702,303245,6C,S4B,0.6021166403963072
703,303245,6C,S4T,0.6021166403963072
704,303245,7A,M1B,0.6581850934474218
705,303245,7A,M1T,0.5079936951137132
706,303245,7A,M2B,0.3465435712677325
707,303245,7A,M2T,0.4708399009232155
708,303245,7A,M3B,0.3796442242738122
709,303245,7A,M3T,0.37266381445620356
710,303245,7A,M4B,0.44156721459130827
711,303245,7A,M4T,0.5208286421977032
712,303245,7A,S1B,0.6525557306912857
713,303245,7A,S1T,0.487953163701869
714,303245,7A,S2B,0.26007655933348345
715,303245,7A,S2T,0.6043683854987616
716,303245,7A,S3B,0.41116865570817385
717,303245,7A,S3T,0.3724386399459581
718,303245,7A,S4B,0.3724386399459581
719,303245,7A,S4T,0.3724386399459581
720,303245,7C,M1B,0.4298581400585454
721,303245,7C,M1T,0.3724386399459581
722,303245,7C,M2B,0.5361405088943931
723,303245,7C,M2T,0.5994145462733619
724,303245,7C,M3B,0.4920063048862869
725,303245,7C,M3T,0.41229452825940105
726,303245,7C,M4B,0.47736996172033325
727,303245,7C,M4T,0.40846656158522854
728,303245,7C,S1B,0.36253096149515873
729,303245,7C,S1T,0.3368610673271786
730,303245,7C,S2B,0.5994145462733619
731,303245,7C,S2T,0.6849808601666292
732,303245,7C,S3B,0.3895519027246116
733,303245,7C,S3T,0.5417698716505291
734,303245,7C,S4B,0.5417698716505291
735,303245,7C,S4T,0.5417698716505291
736,303245,8A,M1B,0.578022967800045
737,303245,8A,M1T,0.48750281468137807
738,303245,8A,M2B,0.37108759288448545
739,303245,8A,M2T,0.48750281468137807
740,303245,8A,M3B,0.37153794190497635
741,303245,8A,M3T,0.49358252645800493
742,303245,8A,M4B,0.5293852735870299
743,303245,8A,M4T,0.48997973429407793
744,303245,8A,S1B,0.5449223147939654
745,303245,8A,S1T,0.3773924791713578
746,303245,8A,S2B,0.3902274262553479
747,303245,8A,S2T,0.6701193424904301
748,303245,8A,S3B,0.4647601891465886
749,303245,8A,S3T,0.49358252645800493
750,303245,8A,S4B,0.49358252645800493
751,303245,8A,S4T,0.49358252645800493
752,303245,8C,M1B,0.48750281468137807
753,303245,8C,M1T,0.37221346543571265
754,303245,8C,M2B,0.6023418149065526
755,303245,8C,M2T,0.6142760639495609
756,303245,8C,M3B,0.5419950461607747
757,303245,8C,M3T,0.49110560684530513
758,303245,8C,M4B,0.4546273361855438
759,303245,8C,M4T,0.35419950461607747
760,303245,8C,S1B,0.36230578698491334
761,303245,8C,S1T,0.28417023192974555
762,303245,8C,S2B,0.6581850934474218
763,303245,8C,S2T,0.545823012834947
764,303245,8C,S3B,0.49966223823463185
765,303245,8C,S3T,0.5766719207385724
766,303245,8C,S4B,0.5766719207385724
767,303245,8C,S4T,0.5766719207385724
768,303246,1A,M1B,0.4809727538842603
769,303246,1A,M1T,0.4430308489079036
770,303246,1A,M2B,0.7041206935374915
771,303246,1A,M2T,0.8630938977707723
772,303246,1A,M3B,0.5985138482323801
773,303246,1A,M3T,0.5922089619455078
774,303246,1A,M4B,0.574420175636118
775,303246,1A,M4T,0.3931546948885386
776,303246,1A,S1B,0.4877279891916235
777,303246,1A,S1T,0.5331006530060797
778,303246,1A,S2B,0.44697140283719883
779,303246,1A,S2T,0.5079936951137132
780,303246,1A,S3B,0.41116865570817385
781,303246,1A,S3T,0.625084440441342
782,303246,1A,S4B,0.3490204908804323
783,303246,1A,S4T,0.5591083089394281
784,303246,1C,M1B,0.4310965998648953
785,303246,1C,M1T,0.4053141184417924
786,303246,1C,M2B,0.33460932222472417
787,303246,1C,M2T,0.7559108308939428
788,303246,1C,M3B,0.7248367484800721
789,303246,1C,M3T,0.6196802521954514
790,303246,1C,M4B,0.6953388876379194
791,303246,1C,M4T,0.5746453501463634
792,303246,1C,S1B,0.48705246566088717
793,303246,1C,S1T,0.4890790362530962
794,303246,1C,S2B,0.5151992794415672
795,303246,1C,S2T,0.5052916009907679
796,303246,1C,S3B,0.48750281468137807
797,303246,1C,S3T,0.5003377617653681
798,303246,1C,S4B,0.6295879306462508
799,303246,1C,S4T,0.6361179914433686
800,303246,2A,M1B,0.5522404863769421
801,303246,2A,M1T,0.4567664940328755
802,303246,2A,M2B,0.841927493807701
803,303246,2A,M2T,0.4712902499437064
804,303246,2A,M3B,0.5514523755910831
805,303246,2A,M3T,0.6469263679351498
806,303246,2A,M4B,0.2524206259851385
807,303246,2A,M4T,0.461382571492907
808,303246,2A,S1B,0.43875253321324026
809,303246,2A,S1T,0.4729790587705472
810,303246,2A,S2B,0.28687232605269086
811,303246,2A,S2T,0.3787435262328305
812,303246,2A,S3B,0.4908804323350597
813,303246,2A,S3T,0.542670569691511
814,303246,2A,S4B,0.542670569691511
815,303246,2A,S4T,0.542670569691511
816,303246,2C,M1B,0.4189371763116415
817,303246,2C,M1T,0.427606394956091
818,303246,2C,M2B,0.7029948209862644
819,303246,2C,M2T,0.5133978833596037
820,303246,2C,M3B,0.4456203557757262
821,303246,2C,M3T,0.42850709299707274
822,303246,2C,M4B,0.6032425129475343
823,303246,2C,M4T,0.7255122720108084
824,303246,2C,S1B,0.4390902949786084
825,303246,2C,S1T,0.49628462058095024
826,303246,2C,S2B,0.295654131952263
827,303246,2C,S2T,0.2407115514523756
828,303246,2C,S3B,0.7392479171357802
829,303246,2C,S3T,0.7881107858590408
830,303246,2C,S4B,0.7881107858590408
831,303246,2C,S4T,0.7881107858590408
832,303246,3A,M1B,0.5158748029723036
833,303246,3A,M1T,0.190272461157397
834,303246,3A,M2B,0.5354649853636568
835,303246,3A,M2T,0.6861067327178564
836,303246,3A,M3B,0.40373789687007433
837,303246,3A,M3T,0.6016662913758163
838,303246,3A,M4B,0.5649628462058095
839,303246,3A,M4T,0.602566989416798
840,303246,3A,S1B,0.5131727088493583
841,303246,3A,S1T,0.36770997523080384
842,303246,3A,S2B,0.5561810403062374
843,303246,3A,S2T,0.46408466561585227
844,303246,3A,S3B,0.18666966899346993
845,303246,3A,S3T,0.6226075208286422
846,303246,3A,S4B,0.6226075208286422
847,303246,3A,S4T,0.6226075208286422
848,303246,3C,M1B,0.48750281468137807
849,303246,3C,M1T,0.4217518576897095
850,303246,3C,M2B,0.41432109885161
851,303246,3C,M2T,0.3758162575996397
852,303246,3C,M3B,0.6232830443593785
853,303246,3C,M3T,0.5192524206259852
854,303246,3C,M4B,0.646025669894168
855,303246,3C,M4T,0.45890565188020715
856,303246,3C,S1B,0.5944607070479622
857,303246,3C,S1T,0.3436163026345418
858,303246,3C,S2B,0.461382571492907
859,303246,3C,S2T,0.3936050439090295
860,303246,3C,S3B,0.5791488403512722
861,303246,3C,S3T,0.7167304661112361
862,303246,3C,S4B,0.7167304661112361
863,303246,3C,S4T,0.7167304661112361
864,303246,4A,M1B,0.5212789912181941
865,303246,4A,M1T,0.2587255122720108
866,303246,4A,M2B,0.5676649403287548
867,303246,4A,M2T,0.6097725737446521
868,303246,4A,M3B,0.33190722810177886
869,303246,4A,M3T,0.6845305111461383
870,303246,4A,M4B,0.5149741049313218
871,303246,4A,M4T,0.4825489754559784
872,303246,4A,S1B,0.35825264580049543
873,303246,4A,S1T,0.25714929070029274
874,303246,4A,S2B,0.6266606620130601
875,303246,4A,S2T,0.6933123170457104
876,303246,4A,S3B,0.40373789687007433
877,303246,4A,S3T,0.49178113037604143
878,303246,4A,S4B,0.49178113037604143
879,303246,4A,S4T,0.49178113037604143
880,303246,4C,M1B,0.5582076108984463
881,303246,4C,M1T,0.17338437288898895
882,303246,4C,M2B,0.3821211438865121
883,303246,4C,M2T,0.6338662463409142
884,303246,4C,M3B,0.5890565188020715
885,303246,4C,M3T,0.5928844854762441
886,303246,4C,M4B,0.6205809502364332
887,303246,4C,M4T,0.3850484125197028
888,303246,4C,S1B,0.6816032425129476
889,303246,4C,S1T,0.5476244089169107
890,303246,4C,S2B,0.24724161224949337
891,303246,4C,S2T,0.3460932222472416
892,303246,4C,S3B,0.4890790362530962
893,303246,4C,S3T,0.5194775951362306
894,303246,4C,S4B,0.5194775951362306
895,303246,4C,S4T,0.5194775951362306
896,303246,5A,M1B,0.5291600990767845
897,303246,5A,M1T,0.25669894167980184
898,303246,5A,M2B,0.5845530285971628
899,303246,5A,M2T,0.6370186894843504
900,303246,5A,M3B,0.3454176987165053
901,303246,5A,M3T,0.60099076784508
902,303246,5A,M4B,0.4712902499437064
903,303246,5A,M4T,0.530961495158748
904,303246,5A,S1B,0.37604143210988517
905,303246,5A,S1T,0.36928619680252195
906,303246,5A,S2B,0.7149290700292728
907,303246,5A,S2T,0.37604143210988517
908,303246,5A,S3B,0.3492456653906778
909,303246,5A,S3T,0.596937626660662
910,303246,5A,S4B,0.596937626660662
911,303246,5A,S4T,0.596937626660662
912,303246,5C,M1B,0.474667867597388
913,303246,5C,M1T,0.2776401711326278
914,303246,5C,M2B,0.3505967124521504
915,303246,5C,M2T,0.5478495834271561
916,303246,5C,M3B,0.6856563836973655
917,303246,5C,M3T,0.6512046836298131
918,303246,5C,M4B,0.7009682503940554
919,303246,5C,M4T,0.545823012834947
920,303246,5C,S1B,0.6000900698040982
921,303246,5C,S1T,0.48750281468137807
922,303246,5C,S2B,0.2533213240261203
923,303246,5C,S2T,0.22539968475568567
924,303246,5C,S3B,0.5753208736770997
925,303246,5C,S3T,0.6620130601215942
926,303246,5C,S4B,0.6620130601215942
927,303246,5C,S4T,0.6620130601215942
928,303246,6A,M1B,0.48750281468137807
929,303246,6A,M1T,0.3803197478045485
930,303246,6A,M2B,0.49065525782481423
931,303246,6A,M2T,0.5829768070254447
932,303246,6A,M3B,0.34001351047061473
933,303246,6A,M3T,0.6041432109885161
934,303246,6A,M4B,0.4417923891015537
935,303246,6A,M4T,0.61382571492907
936,303246,6A,S1B,0.32830443593785186
937,303246,6A,S1T,0.23057869849133078
938,303246,6A,S2B,0.5246566088718757
939,303246,6A,S2T,0.572393605043909
940,303246,6A,S3B,0.491555955865796
941,303246,6A,S3T,0.4730916460256699
942,303246,6A,S4B,0.4730916460256699
943,303246,6A,S4T,0.4730916460256699
944,303246,6C,M1B,0.542670569691511
945,303246,6C,M1T,0.49628462058095024
946,303246,6C,M2B,0.4586804773699617
947,303246,6C,M2T,0.46048187345192526
948,303246,6C,M3B,0.5964872776401712
949,303246,6C,M3T,0.6376942130150867
950,303246,6C,M4B,0.5016888088268409
951,303246,6C,M4T,0.5496509795091196
952,303246,6C,S1B,0.6032425129475343
953,303246,6C,S1T,0.6021166403963072
954,303246,6C,S2B,0.43188471065075434
955,303246,6C,S2T,0.45665390677775275
956,303246,6C,S3B,0.606620130601216
957,303246,6C,S3T,0.6696689934699392
958,303246,6C,S4B,0.6696689934699392
959,303246,6C,S4T,0.6696689934699392
960,303246,7A,M1B,0.3936050439090295
961,303246,7A,M1T,0.30938977707723486
962,303246,7A,M2B,0.6063949560909705
963,303246,7A,M2T,0.6223823463183967
964,303246,7A,M3B,0.419950461607746
965,303246,7A,M3T,0.6775501013285297
966,303246,7A,M4B,0.4091420851159649
967,303246,7A,M4T,0.4798468813330331
968,303246,7A,S1B,0.2616527809052015
969,303246,7A,S1T,0.2569241161900473
970,303246,7A,S2B,0.6012159423553254
971,303246,7A,S2T,0.5492006304886287
972,303246,7A,S3B,0.5174510245440216
973,303246,7A,S3T,0.5237559108308939
974,303246,7A,S4B,0.5237559108308939
975,303246,7A,S4T,0.5237559108308939
976,303246,7C,M1B,0.48750281468137807
977,303246,7C,M1T,0.4850258950686782
978,303246,7C,M2B,0.41004278315694664
979,303246,7C,M2T,0.45890565188020715
980,303246,7C,M3B,0.6653906777752758
981,303246,7C,M3T,0.6027921639270435
982,303246,7C,M4B,0.7266381445620356
983,303246,7C,M4T,0.5656383697365458
984,303246,7C,S1B,0.6640396307138032
985,303246,7C,S1T,0.6199054267056969
986,303246,7C,S2B,0.3120918712001801
987,303246,7C,S2T,0.36748480072055845
988,303246,7C,S3B,0.6176536816032425
989,303246,7C,S3T,0.4866021166403963
990,303246,7C,S4B,0.4866021166403963
991,303246,7C,S4T,0.4866021166403963
992,303246,8A,M1B,0.4886286872326053
993,303246,8A,M1T,0.48750281468137807
994,303246,8A,M2B,0.5419950461607747
995,303246,8A,M2T,0.48750281468137807
996,303246,8A,M3B,0.353974330105832
997,303246,8A,M3T,0.6658410267957667
998,303246,8A,M4B,0.4305336635892817
999,303246,8A,M4T,0.6372438639945959
1000,303246,8A,S1B,0.37784282819184867
1001,303246,8A,S1T,0.28169331231704575
1002,303246,8A,S2B,0.6581850934474218
1003,303246,8A,S2T,0.2855212789912182
1004,303246,8A,S3B,0.5489754559783833
1005,303246,8A,S3T,0.7083990092321549
1006,303246,8A,S4B,0.7083990092321549
1007,303246,8A,S4T,0.7083990092321549
1008,303246,8C,M1B,0.48750281468137807
1009,303246,8C,M1T,0.4902049088043234
1010,303246,8C,M2B,0.3424904300833146
1011,303246,8C,M2T,0.46273361855437967
1012,303246,8C,M3B,0.5759963972078361
1013,303246,8C,M3T,0.5651880207160549
1014,303246,8C,M4B,0.6773249268182842
1015,303246,8C,M4T,0.5690159873902274
1016,303246,8C,S1B,0.6027921639270435
1017,303246,8C,S1T,0.6021166403963072
1018,303246,8C,S2B,0.3440666516550327
1019,303246,8C,S2T,0.2979058770547174
1020,303246,8C,S3B,0.5931096599864896
1021,303246,8C,S3T,0.5469488853861743
1022,303246,8C,S4B,0.5469488853861743
1023,303246,8C,S4T,0.5469488853861743
1024,303247,1A,M1B,0.5771222697590632
1025,303247,1A,M1T,0.6070704796217068
1026,303247,1A,M2B,0.7487052465660887
1027,303247,1A,M2T,0.5136230578698492
1028,303247,1A,M3B,0.6743976581850935
1029,303247,1A,M3T,0.6428732267507318
1030,303247,1A,M4B,0.47399234406665164
1031,303247,1A,M4T,0.6993920288223373
1032,303247,1A,S1B,0.4166854312091871
1033,303247,1A,S1T,0.40621481648277413
1034,303247,1A,S2B,0.5807250619229903
1035,303247,1A,S2T,0.6157396982661563
1036,303247,1A,S3B,0.42040081062823687
1037,303247,1A,S3T,0.7527583877505066
1038,303247,1A,S4B,0.3800945732943031
1039,303247,1A,S4T,0.5820761089844629
1040,303247,1C,M1B,0.4590182391353299
1041,303247,1C,M1T,0.525332132402612
1042,303247,1C,M2B,0.4014861517676199
1043,303247,1C,M2T,0.438865120468363
1044,303247,1C,M3B,0.5332132402612024
1045,303247,1C,M3T,0.5151992794415672
1046,303247,1C,M4B,0.4805224048637694
1047,303247,1C,M4T,0.487953163701869
1048,303247,1C,S1B,0.4522630038279667
1049,303247,1C,S1T,0.40317496059446073
1050,303247,1C,S2B,0.6495158748029723
1051,303247,1C,S2T,0.5485251069578924
1052,303247,1C,S3B,0.48750281468137807
1053,303247,1C,S3T,0.5037153794190498
1054,303247,1C,S4B,0.47444269308714254
1055,303247,1C,S4T,0.6293627561360053
1056,303247,2A,M1B,0.4914433686106733
1057,303247,2A,M1T,0.42141409592434137
1058,303247,2A,M2B,0.5001125872551228
1059,303247,2A,M2T,0.2445395181265481
1060,303247,2A,M3B,0.6208061247466787
1061,303247,2A,M3T,0.4188245890565188
1062,303247,2A,M4B,0.35419950461607747
1063,303247,2A,M4T,0.6190047286647151
1064,303247,2A,S1B,0.5757712226975906
1065,303247,2A,S1T,0.4904300833145688
1066,303247,2A,S2B,0.0
1067,303247,2A,S2T,0.18396757487052467
1068,303247,2A,S3B,0.6554829993244765
1069,303247,2A,S3T,0.7464535014636343
1070,303247,2A,S4B,0.7464535014636343
1071,303247,2A,S4T,0.7464535014636343
1072,303247,2C,M1B,0.3535239810853411
1073,303247,2C,M1T,0.4407791038054492
1074,303247,2C,M2B,0.33596036928619677
1075,303247,2C,M2T,0.2172934023868498
1076,303247,2C,M3B,0.38932672821436615
1077,303247,2C,M3T,0.3429407791038055
1078,303247,2C,M4B,0.3873001576221572
1079,303247,2C,M4T,0.43818959693762666
1080,303247,2C,S1B,0.54222022067102
1081,303247,2C,S1T,0.4011483900022518
1082,303247,2C,S2B,0.2929520378293177
1083,303247,2C,S2T,0.2553478946183292
1084,303247,2C,S3B,0.621481648277415
1085,303247,2C,S3T,0.6491781130376042
1086,303247,2C,S4B,0.6491781130376042
1087,303247,2C,S4T,0.6491781130376042
1088,303247,3A,M1B,0.4406665165503265
1089,303247,3A,M1T,0.22787660436838553
1090,303247,3A,M2B,0.5940103580274713
1091,303247,3A,M2T,0.5609097050213916
1092,303247,3A,M3B,0.5793740148615176
1093,303247,3A,M3T,0.5807250619229903
1094,303247,3A,M4B,0.5079936951137132
1095,303247,3A,M4T,0.2366584102679577
1096,303247,3A,S1B,0.4573294303084891
1097,303247,3A,S1T,1.0
1098,303247,3A,S2B,0.6131501913983337
1099,303247,3A,S2T,0.3161450123845981
1100,303247,3A,S3B,0.408691736095474
1101,303247,3A,S3T,0.5906327403737897
1102,303247,3A,S4B,0.5906327403737897
1103,303247,3A,S4T,0.5906327403737897
1104,303247,3C,M1B,0.48750281468137807
1105,303247,3C,M1T,0.487953163701869
1106,303247,3C,M2B,0.38437288898896643
1107,303247,3C,M2T,0.32087367709975234
1108,303247,3C,M3B,0.49853636568340465
1109,303247,3C,M3T,0.41161900472866475
1110,303247,3C,M4B,0.45440216167529834
1111,303247,3C,M4T,0.4021616752983562
1112,303247,3C,S1B,0.7133528484575546
1113,303247,3C,S1T,0.6561585228552128
1114,303247,3C,S2B,0.36883584778203105
1115,303247,3C,S2T,0.3465435712677325
1116,303247,3C,S3B,0.5138482323800946
1117,303247,3C,S3T,0.2965548299932448
1118,303247,3C,S4B,0.2965548299932448
1119,303247,3C,S4T,0.2965548299932448
1120,303247,4A,M1B,0.41387074983111916
1121,303247,4A,M1T,0.4361630263454177
1122,303247,4A,M2B,0.5962621031299257
1123,303247,4A,M2T,0.46408466561585227
1124,303247,4A,M3B,0.49786084215266835
1125,303247,4A,M3T,0.5863544246791264
1126,303247,4A,M4B,0.47219094798468814
1127,303247,4A,M4T,0.4300833145687908
1128,303247,4A,S1B,0.16280117090745327
1129,303247,4A,S1T,0.6032425129475343
1130,303247,4A,S2B,0.7820310740824139
1131,303247,4A,S2T,0.36365683404638594
1132,303247,4A,S3B,0.4742175185768971
1133,303247,4A,S3T,0.6329655482999325
1134,303247,4A,S4B,0.6329655482999325
1135,303247,4A,S4T,0.6329655482999325
1136,303247,4C,M1B,0.7201080837649179
1137,303247,4C,M1T,0.5046160774600316
1138,303247,4C,M2B,0.4014861517676199
1139,303247,4C,M2T,0.4908804323350597
1140,303247,4C,M3B,0.42557982436388203
1141,303247,4C,M3T,0.5694663364107183
1142,303247,4C,M4B,0.6419725287097501
1143,303247,4C,M4T,0.4897545597838325
1144,303247,4C,S1B,0.6313893267282144
1145,303247,4C,S1T,0.6444494483224499
1146,303247,4C,S2B,0.31456879081288
1147,303247,4C,S2T,0.2983562260752083
1148,303247,4C,S3B,0.4679126322900248
1149,303247,4C,S3T,0.4667867597387976
1150,303247,4C,S4B,0.4667867597387976
1151,303247,4C,S4T,0.4667867597387976
1152,303247,5A,M1B,0.3920288223373114
1153,303247,5A,M1T,0.3683854987615402
1154,303247,5A,M2B,0.6196802521954514
1155,303247,5A,M2T,0.587705471740599
1156,303247,5A,M3B,0.6455753208736771
1157,303247,5A,M3T,0.6649403287547849
1158,303247,5A,M4B,0.44201756361179917
1159,303247,5A,M4T,0.32717856338662465
1160,303247,5A,S1B,0.23170457104255798
1161,303247,5A,S1T,0.4877279891916235
1162,303247,5A,S2B,0.5843278540869173
1163,303247,5A,S2T,0.3620806124746679
1164,303247,5A,S3B,0.7205584327854087
1165,303247,5A,S3T,0.595361405088944
1166,303247,5A,S4B,0.595361405088944
1167,303247,5A,S4T,0.595361405088944
1168,303247,5C,M1B,0.7642422877730242
1169,303247,5C,M1T,0.6969151092096375
1170,303247,5C,M2B,0.4017113262778653
1171,303247,5C,M2T,0.3578022967800045
1172,303247,5C,M3B,0.4224273812204459
1173,303247,5C,M3T,0.4402161675298356
1174,303247,5C,M4B,0.49290700292726863
1175,303247,5C,M4T,0.4390902949786084
1176,303247,5C,S1B,0.6811528934924567
1177,303247,5C,S1T,0.5859040756586354
1178,303247,5C,S2B,0.20851159648727763
1179,303247,5C,S2T,0.2677324926818284
1180,303247,5C,S3B,0.49853636568340465
1181,303247,5C,S3T,0.39383021841927496
1182,303247,5C,S4B,0.39383021841927496
1183,303247,5C,S4T,0.39383021841927496
1184,303247,6A,M1B,0.48480072055843276
1185,303247,6A,M1T,0.4188245890565188
1186,303247,6A,M2B,0.6034676874577798
1187,303247,6A,M2T,0.3168205359153344
1188,303247,6A,M3B,0.5208286421977032
1189,303247,6A,M3T,0.5762215717180815
1190,303247,6A,M4B,0.4701643773924792
1191,303247,6A,M4T,0.3042107633415897
1192,303247,6A,S1B,0.2010808376491781
1193,303247,6A,S1T,0.37221346543571265
1194,303247,6A,S2B,0.5845530285971628
1195,303247,6A,S2T,0.610222922765143
1196,303247,6A,S3B,0.8279666741724836
1197,303247,6A,S3T,0.604593560009007
1198,303247,6A,S4B,0.604593560009007
1199,303247,6A,S4T,0.604593560009007
1200,303247,6C,M1B,0.6027921639270435
1201,303247,6C,M1T,0.6039180364782707
1202,303247,6C,M2B,0.21414095924341364
1203,303247,6C,M2T,0.20423328079261427
1204,303247,6C,M3B,0.4080162125647377
1205,303247,6C,M3T,0.4053141184417924
1206,303247,6C,M4B,0.6487277640171133
1207,303247,6C,M4T,0.5413195226300382
1208,303247,6C,S1B,0.7178563386624635
1209,303247,6C,S1T,0.8317946408466561
1210,303247,6C,S2B,0.36770997523080384
1211,303247,6C,S2T,0.30713803197478046
1212,303247,6C,S3B,0.46926367935149743
1213,303247,6C,S3T,0.2607520828642198
1214,303247,6C,S4B,0.2607520828642198
1215,303247,6C,S4T,0.2607520828642198
1216,303247,7A,M1B,0.20288223373114161
1217,303247,7A,M1T,0.46566088718757037
1218,303247,7A,M2B,0.5557306912857465
1219,303247,7A,M2T,0.39270434586804776
1220,303247,7A,M3B,0.6246340914208511
1221,303247,7A,M3T,0.5503265030398559
1222,303247,7A,M4B,0.4771447872100878
1223,303247,7A,M4T,0.3481197928394506
1224,303247,7A,S1B,0.3544246791263229
1225,303247,7A,S1T,0.5991893717631164
1226,303247,7A,S2B,0.7707723485701419
1227,303247,7A,S2T,0.256248592659311
1228,303247,7A,S3B,0.6003152443143436
1229,303247,7A,S3T,0.606620130601216
1230,303247,7A,S4B,0.606620130601216
1231,303247,7A,S4T,0.606620130601216
1232,303247,7C,M1B,0.5451474893042108
1233,303247,7C,M1T,0.6027921639270435
1234,303247,7C,M2B,0.35892816933123173
1235,303247,7C,M2T,0.320198153569016
1236,303247,7C,M3B,0.48344967349696016
1237,303247,7C,M3T,0.47962170682278765
1238,303247,7C,M4B,0.49110560684530513
1239,303247,7C,M4T,0.5645124971853186
1240,303247,7C,S1B,0.6126998423778428
1241,303247,7C,S1T,0.6581850934474218
1242,303247,7C,S2B,0.32627786534564285
1243,303247,7C,S2T,0.26570592208961946
1244,303247,7C,S3B,0.5852285521278991
1245,303247,7C,S3T,0.44381895969376267
1246,303247,7C,S4B,0.44381895969376267
1247,303247,7C,S4T,0.44381895969376267
1248,303247,8A,M1B,0.3884260301733844
1249,303247,8A,M1T,0.48750281468137807
1250,303247,8A,M2B,0.6052690835397433
1251,303247,8A,M2T,0.48750281468137807
1252,303247,8A,M3B,0.7140283719882909
1253,303247,8A,M3T,0.4701643773924792
1254,303247,8A,M4B,0.44697140283719883
1255,303247,8A,M4T,0.48007205584327856
1256,303247,8A,S1B,0.47106507543346093
1257,303247,8A,S1T,0.596937626660662
1258,303247,8A,S2B,0.40959243413645574
1259,303247,8A,S2T,0.2884485476244089
1260,303247,8A,S3B,0.49583427156045934
1261,303247,8A,S3T,0.48344967349696016
1262,303247,8A,S4B,0.48344967349696016
1263,303247,8A,S4T,0.48344967349696016
1264,303247,8C,M1B,0.48750281468137807
1265,303247,8C,M1T,0.6482774149966224
1266,303247,8C,M2B,0.3724386399459581
1267,303247,8C,M2T,0.359603692861968
1268,303247,8C,M3B,0.3575771222697591
1269,303247,8C,M3T,0.5131727088493583
1270,303247,8C,M4B,0.46228326953388876
1271,303247,8C,M4T,0.642422877730241
1272,303247,8C,S1B,0.6507543346093222
1273,303247,8C,S1T,0.7059220896194551
1274,303247,8C,S2B,0.26120243188471065
1275,303247,8C,S2T,0.4573294303084891
1276,303247,8C,S3B,0.4222022067102004
1277,303247,8C,S3T,0.3350596712452151
1278,303247,8C,S4B,0.3350596712452151
1279,303247,8C,S4T,0.3350596712452151
1280,303248,1A,M1B,0.5258950686782257
1281,303248,1A,M1T,0.5260076559333483
1282,303248,1A,M2B,0.5122720108083765
1283,303248,1A,M2T,0.450123845980635
1284,303248,1A,M3B,0.5419950461607747
1285,303248,1A,M3T,0.5442467912632291
1286,303248,1A,M4B,0.48682729115064177
1287,303248,1A,M4T,0.5507768520603468
1288,303248,1A,S1B,0.46813780680027023
1289,303248,1A,S1T,0.4379644224273812
1290,303248,1A,S2B,0.461382571492907
1291,303248,1A,S2T,0.47962170682278765
1292,303248,1A,S3B,0.4294077910380545
1293,303248,1A,S3T,0.5505516775501014
1294,303248,1A,S4B,0.5088943931546949
1295,303248,1A,S4T,0.5370412069353749
1296,303248,1C,M1B,0.49921188921414095
1297,303248,1C,M1T,0.5072055843278541
1298,303248,1C,M2B,0.4902049088043234
1299,303248,1C,M2T,0.42512947534339113
1300,303248,1C,M3B,0.5079936951137132
1301,303248,1C,M3T,0.5296104480972754
1302,303248,1C,M4B,0.5215041657284395
1303,303248,1C,M4T,0.5476244089169107
1304,303248,1C,S1B,0.47376716955640624
1305,303248,1C,S1T,0.4367259626210313
1306,303248,1C,S2B,0.4970727313668093
1307,303248,1C,S2T,0.5095699166854312
1308,303248,1C,S3B,0.48750281468137807
1309,303248,1C,S3T,0.5383922539968475
1310,303248,1C,S4B,0.5392929520378293
1311,303248,1C,S4T,0.546273361855438
1312,303248,2A,M1B,0.4714028371988291
1313,303248,2A,M1T,0.4882909254672371
1314,303248,2A,M2B,0.5451474893042108
1315,303248,2A,M2T,0.4550776852060347
1316,303248,2A,M3B,0.5507768520603468
1317,303248,2A,M3T,0.5109209637469039
1318,303248,2A,M4B,0.48457554604818737
1319,303248,2A,M4T,0.5336635892816933
1320,303248,2A,S1B,0.5131727088493583
1321,303248,2A,S1T,0.4659986489529385
1322,303248,2A,S2B,0.4334609322224724
1323,303248,2A,S2T,0.4264805224048638
1324,303248,2A,S3B,0.5264580049538392
1325,303248,2A,S3T,0.5633866246340914
1326,303248,2A,S4B,0.5633866246340914
1327,303248,2A,S4T,0.5633866246340914
1328,303248,2C,M1B,0.5072055843278541
1329,303248,2C,M1T,0.4826615627111011
1330,303248,2C,M2B,0.5003377617653681
1331,303248,2C,M2T,0.4771447872100878
1332,303248,2C,M3B,0.45260076559333484
1333,303248,2C,M3T,0.43976581850934476
1334,303248,2C,M4B,0.512497185318622
1335,303248,2C,M4T,0.5185768970952488
1336,303248,2C,S1B,0.5021391578473317
1337,303248,2C,S1T,0.45721684305336635
1338,303248,2C,S2B,0.427606394956091
1339,303248,2C,S2T,0.4321098851609998
1340,303248,2C,S3B,0.48592659310965997
1341,303248,2C,S3T,0.5408691736095474
1342,303248,2C,S4B,0.5408691736095474
1343,303248,2C,S4T,0.5408691736095474
1344,303248,3A,M1B,0.48997973429407793
1345,303248,3A,M1T,0.4478721008781806
1346,303248,3A,M2B,0.4814231029047512
1347,303248,3A,M2T,0.4793965323125422
1348,303248,3A,M3B,0.49966223823463185
1349,303248,3A,M3T,0.5460481873451926
1350,303248,3A,M4B,0.5437964422427382
1351,303248,3A,M4T,0.47894618329205135
1352,303248,3A,S1B,0.4575546048187345
1353,303248,3A,S1T,0.549876154019365
1354,303248,3A,S2B,0.5307363206485026
1355,303248,3A,S2T,0.4753433911281243
1356,303248,3A,S3B,0.43863994595811756
1357,303248,3A,S3T,0.5296104480972754
1358,303248,3A,S4B,0.5296104480972754
1359,303248,3A,S4T,0.5296104480972754
1360,303248,3C,M1B,0.48750281468137807
1361,303248,3C,M1T,0.487953163701869
1362,303248,3C,M2B,0.49786084215266835
1363,303248,3C,M2T,0.4827741499662238
1364,303248,3C,M3B,0.47782031074082415
1365,303248,3C,M3T,0.42918261652780904
1366,303248,3C,M4B,0.46115739698266156
1367,303248,3C,M4T,0.4242287773024094
1368,303248,3C,S1B,0.5230803873001576
1369,303248,3C,S1T,0.4609322224724161
1370,303248,3C,S2B,0.4877279891916235
1371,303248,3C,S2T,0.4820986264354875
1372,303248,3C,S3B,0.50123845980635
1373,303248,3C,S3T,0.45530285971628015
1374,303248,3C,S4B,0.45530285971628015
1375,303248,3C,S4T,0.45530285971628015
1376,303248,4A,M1B,0.42670569691510923
1377,303248,4A,M1T,0.44809727538842603
1378,303248,4A,M2B,0.5194775951362306
1379,303248,4A,M2T,0.469038504841252
1380,303248,4A,M3B,0.519702769646476
1381,303248,4A,M3T,0.5203782931772123
1382,303248,4A,M4B,0.549876154019365
1383,303248,4A,M4T,0.49628462058095024
1384,303248,4A,S1B,0.41522179689259175
1385,303248,4A,S1T,0.5579824363882009
1386,303248,4A,S2B,0.5435712677324926
1387,303248,4A,S2T,0.45192524206259854
1388,303248,4A,S3B,0.48119792839450576
1389,303248,4A,S3T,0.5318621931997298
1390,303248,4A,S4B,0.5318621931997298
1391,303248,4A,S4T,0.5318621931997298
1392,303248,4C,M1B,0.4904300833145688
1393,303248,4C,M1T,0.5001125872551228
1394,303248,4C,M2B,0.4798468813330331
1395,303248,4C,M2T,0.4361630263454177
1396,303248,4C,M3B,0.43706372438639945
1397,303248,4C,M3T,0.5246566088718757
1398,303248,4C,M4B,0.491555955865796
1399,303248,4C,M4T,0.5163251519927944
1400,303248,4C,S1B,0.5208286421977032
1401,303248,4C,S1T,0.5278090520153119
1402,303248,4C,S2B,0.455753208736771
1403,303248,4C,S2T,0.4343616302634542
1404,303248,4C,S3B,0.4866021166403963
1405,303248,4C,S3T,0.4591308263904526
1406,303248,4C,S4B,0.4591308263904526
1407,303248,4C,S4T,0.4591308263904526
1408,303248,5A,M1B,0.40779103805449224
1409,303248,5A,M1T,0.45079936951137134
1410,303248,5A,M2B,0.542670569691511
1411,303248,5A,M2T,0.5246566088718757
1412,303248,5A,M3B,0.5352398108534114
1413,303248,5A,M3T,0.5368160324251294
1414,303248,5A,M4B,0.5003377617653681
1415,303248,5A,M4T,0.46408466561585227
1416,303248,5A,S1B,0.42040081062823687
1417,303248,5A,S1T,0.48187345192524206
1418,303248,5A,S2B,0.5435712677324926
1419,303248,5A,S2T,0.4676874577797793
1420,303248,5A,S3B,0.5505516775501014
1421,303248,5A,S3T,0.5233055618104031
1422,303248,5A,S4B,0.5233055618104031
1423,303248,5A,S4T,0.5233055618104031
1424,303248,5C,M1B,0.5624859265931097
1425,303248,5C,M1T,0.5413195226300382
1426,303248,5C,M2B,0.5064174735419951
1427,303248,5C,M2T,0.4658860616978158
1428,303248,5C,M3B,0.44922314793965323
1429,303248,5C,M3T,0.44224273812204457
1430,303248,5C,M4B,0.4323350596712452
1431,303248,5C,M4T,0.47669443818959695
1432,303248,5C,S1B,0.48817833821211437
1433,303248,5C,S1T,0.5133978833596037
1434,303248,5C,S2B,0.4246791263229003
1435,303248,5C,S2T,0.41589732042332805
1436,303248,5C,S3B,0.4562035577572619
1437,303248,5C,S3T,0.450123845980635
1438,303248,5C,S4B,0.450123845980635
1439,303248,5C,S4T,0.450123845980635
1440,303248,6A,M1B,0.4679126322900248
1441,303248,6A,M1T,0.47962170682278765
1442,303248,6A,M2B,0.5055167755010133
1443,303248,6A,M2T,0.45597838324701645
1444,303248,6A,M3B,0.4953839225399685
1445,303248,6A,M3T,0.5226300382796667
1446,303248,6A,M4B,0.5242062598513848
1447,303248,6A,M4T,0.4453951812654807
1448,303248,6A,S1B,0.43751407340689036
1449,303248,6A,S1T,0.46926367935149743
1450,303248,6A,S2B,0.48187345192524206
1451,303248,6A,S2T,0.5235307363206485
1452,303248,6A,S3B,0.5588831344291826
1453,303248,6A,S3T,0.5341139383021842
1454,303248,6A,S4B,0.5341139383021842
1455,303248,6A,S4T,0.5341139383021842
1456,303248,6C,M1B,0.48750281468137807
1457,303248,6C,M1T,0.4877279891916235
1458,303248,6C,M2B,0.4505741950011259
1459,303248,6C,M2T,0.43931546948885386
1460,303248,6C,M3B,0.4334609322224724
1461,303248,6C,M3T,0.4395406439990993
1462,303248,6C,M4B,0.48299932447646926
1463,303248,6C,M4T,0.44269308714253547
1464,303248,6C,S1B,0.5228552127899122
1465,303248,6C,S1T,0.5537041206935375
1466,303248,6C,S2B,0.4886286872326053
1467,303248,6C,S2T,0.4586804773699617
1468,303248,6C,S3B,0.48570141859941457
1469,303248,6C,S3T,0.42040081062823687
1470,303248,6C,S4B,0.42040081062823687
1471,303248,6C,S4T,0.42040081062823687
1472,303248,7A,M1B,0.42918261652780904
1473,303248,7A,M1T,0.48592659310965997
1474,303248,7A,M2B,0.5275838775050664
1475,303248,7A,M2T,0.433235757712227
1476,303248,7A,M3B,0.5449223147939654
1477,303248,7A,M3T,0.5269083539743301
1478,303248,7A,M4B,0.5266831794640847
1479,303248,7A,M4T,0.49065525782481423
1480,303248,7A,S1B,0.43188471065075434
1481,303248,7A,S1T,0.5347894618329205
1482,303248,7A,S2B,0.5424453951812654
1483,303248,7A,S2T,0.4494483224498987
1484,303248,7A,S3B,0.5359153343841477
1485,303248,7A,S3T,0.5278090520153119
1486,303248,7A,S4B,0.5278090520153119
1487,303248,7A,S4T,0.5278090520153119
1488,303248,7C,M1B,0.4888538617428507
1489,303248,7C,M1T,0.48750281468137807
1490,303248,7C,M2B,0.46881333033100653
1491,303248,7C,M2T,0.461382571492907
1492,303248,7C,M3B,0.4697140283719883
1493,303248,7C,M3T,0.4586804773699617
1494,303248,7C,M4B,0.47444269308714254
1495,303248,7C,M4T,0.48750281468137807
1496,303248,7C,S1B,0.5064174735419951
1497,303248,7C,S1T,0.5111461382571493
1498,303248,7C,S2B,0.4395406439990993
1499,303248,7C,S2T,0.4357126773249268
1500,303248,7C,S3B,0.49921188921414095
1501,303248,7C,S3T,0.42918261652780904
1502,303248,7C,S4B,0.42918261652780904
1503,303248,7C,S4T,0.42918261652780904
1504,303248,8A,M1B,0.469038504841252
1505,303248,8A,M1T,0.48750281468137807
1506,303248,8A,M2B,0.5685656383697365
1507,303248,8A,M2T,0.48750281468137807
1508,303248,8A,M3B,0.5480747579374015
1509,303248,8A,M3T,0.478270659761315
1510,303248,8A,M4B,0.4877279891916235
1511,303248,8A,M4T,0.42805674397658183
1512,303248,8A,S1B,0.47106507543346093
1513,303248,8A,S1T,0.4893042107633416
1514,303248,8A,S2B,0.42130150866921867
1515,303248,8A,S2T,0.43638820085566316
1516,303248,8A,S3B,0.5302859716280117
1517,303248,8A,S3T,0.5028146813780681
1518,303248,8A,S4B,0.5028146813780681
1519,303248,8A,S4T,0.5028146813780681
1520,303248,8C,M1B,0.48750281468137807
1521,303248,8C,M1T,0.5296104480972754
1522,303248,8C,M2B,0.46160774600315246
1523,303248,8C,M2T,0.4877279891916235
1524,303248,8C,M3B,0.4217518576897095
1525,303248,8C,M3T,0.48187345192524206
1526,303248,8C,M4B,0.4742175185768971
1527,303248,8C,M4T,0.49065525782481423
1528,303248,8C,S1B,0.532988065750957
1529,303248,8C,S1T,0.4877279891916235
1530,303248,8C,S2B,0.4350371537941905
1531,303248,8C,S2T,0.5269083539743301
1532,303248,8C,S3B,0.4661112362080613
1533,303248,8C,S3T,0.44269308714253547
1534,303248,8C,S4B,0.44269308714253547
1535,303248,8C,S4T,0.44269308714253547
1536,306325,1A,M1B,0.46048187345192526
1537,306325,1A,M1T,0.4878405764467462
1538,306325,1A,M2B,0.2735870299482099
1539,306325,1A,M2T,0.5910830893942806
1540,306325,1A,M3B,0.6804773699617204
1541,306325,1A,M3T,0.5129475343391128
1542,306325,1A,M4B,0.6331907228101779
1543,306325,1A,M4T,0.4886286872326053
1544,306325,1A,S1B,0.48705246566088717
1545,306325,1A,S1T,0.4884035127223598
1546,306325,1A,S2B,0.4562035577572619
1547,306325,1A,S2T,0.46926367935149743
1548,306325,1A,S3B,0.49335735194775954
1549,306325,1A,S3T,0.6147264129700518
1550,306325,1A,S4B,0.6131501913983337
1551,306325,1A,S4T,0.49515874802972304
1552,306325,1C,M1B,0.4406665165503265
1553,306325,1C,M1T,0.47455528034226524
1554,306325,1C,M2B,0.640396307138032
1555,306325,1C,M2T,0.7342940779103806
1556,306325,1C,M3B,0.5077685206034677
1557,306325,1C,M3T,0.5133978833596037
1558,306325,1C,M4B,0.47669443818959695
1559,306325,1C,M4T,0.4643098401260977
1560,306325,1C,S1B,0.4808601666291376
1561,306325,1C,S1T,0.4873902274262554
1562,306325,1C,S2B,0.47376716955640624
1563,306325,1C,S2T,0.49898671470389555
1564,306325,1C,S3B,0.48750281468137807
1565,306325,1C,S3T,0.6005404188245891
1566,306325,1C,S4B,0.5032650303985589
1567,306325,1C,S4T,0.4814231029047512
1568,306325,2A,M1B,0.5091195676649404
1569,306325,2A,M1T,0.4063274037378969
1570,306325,2A,M2B,0.5388426030173384
1571,306325,2A,M2T,0.7261877955415447
1572,306325,2A,M3B,0.6476018914658861
1573,306325,2A,M3T,0.6635892816933123
1574,306325,2A,M4B,0.5226300382796667
1575,306325,2A,M4T,0.4253546498536366
1576,306325,2A,S1B,0.4603692861968025
1577,306325,2A,S1T,0.44156721459130827
1578,306325,2A,S2B,0.6642648052240486
1579,306325,2A,S2T,0.8058995721684306
1580,306325,2A,S3B,0.4379644224273812
1581,306325,2A,S3T,0.4694888538617429
1582,306325,2A,S4B,0.4694888538617429
1583,306325,2A,S4T,0.4694888538617429
1584,306325,2C,M1B,0.43751407340689036
1585,306325,2C,M1T,0.4259175861292502
1586,306325,2C,M2B,0.49583427156045934
1587,306325,2C,M2T,0.7399234406665165
1588,306325,2C,M3B,0.4102679576671921
1589,306325,2C,M3T,0.48637694213015087
1590,306325,2C,M4B,0.5433460932222473
1591,306325,2C,M4T,0.41409592434136455
1592,306325,2C,S1B,0.4080162125647377
1593,306325,2C,S1T,0.36917360954739925
1594,306325,2C,S2B,0.719207385723936
1595,306325,2C,S2T,0.7248367484800721
1596,306325,2C,S3B,0.5546048187345193
1597,306325,2C,S3T,0.41702319297455526
1598,306325,2C,S4B,0.41702319297455526
1599,306325,2C,S4T,0.41702319297455526
1600,306325,3A,M1B,0.4816482774149966
1601,306325,3A,M1T,0.4872776401711326
1602,306325,3A,M2B,0.487953163701869
1603,306325,3A,M2T,0.49966223823463185
1604,306325,3A,M3B,0.7108759288448547
1605,306325,3A,M3T,0.461382571492907
1606,306325,3A,M4B,0.6126998423778428
1607,306325,3A,M4T,0.5224048637694213
1608,306325,3A,S1B,0.553929295203783
1609,306325,3A,S1T,0.487953163701869
1610,306325,3A,S2B,0.3587029948209863
1611,306325,3A,S2T,0.5046160774600316
1612,306325,3A,S3B,0.5750956991668543
1613,306325,3A,S3T,0.4023868498086017
1614,306325,3A,S4B,0.4023868498086017
1615,306325,3A,S4T,0.4023868498086017
1616,306325,3C,M1B,0.48750281468137807
1617,306325,3C,M1T,0.48682729115064177
1618,306325,3C,M2B,0.5133978833596037
1619,306325,3C,M2T,0.47894618329205135
1620,306325,3C,M3B,0.4913307813555505
1621,306325,3C,M3T,0.40846656158522854
1622,306325,3C,M4B,0.4908804323350597
1623,306325,3C,M4T,0.3591533438414771
1624,306325,3C,S1B,0.37041206935374915
1625,306325,3C,S1T,0.48817833821211437
1626,306325,3C,S2B,0.4595811754109435
1627,306325,3C,S2T,0.43976581850934476
1628,306325,3C,S3B,0.4694888538617429
1629,306325,3C,S3T,0.49515874802972304
1630,306325,3C,S4B,0.49515874802972304
1631,306325,3C,S4T,0.49515874802972304
1632,306325,4A,M1B,0.5176761990542671
1633,306325,4A,M1T,0.5606845305111461
1634,306325,4A,M2B,0.4258049988741275
1635,306325,4A,M2T,0.5255573069128575
1636,306325,4A,M3B,0.49515874802972304
1637,306325,4A,M3T,0.36861067327178565
1638,306325,4A,M4B,0.36703445170006754
1639,306325,4A,M4T,0.45823012834947086
1640,306325,4A,S1B,0.6358928169331232
1641,306325,4A,S1T,0.4809727538842603
1642,306325,4A,S2B,0.3706372438639946
1643,306325,4A,S2T,0.5726187795541544
1644,306325,4A,S3B,0.48344967349696016
1645,306325,4A,S3T,0.40891691060571944
1646,306325,4A,S4B,0.40891691060571944
1647,306325,4A,S4T,0.40891691060571944
1648,306325,4C,M1B,0.461382571492907
1649,306325,4C,M1T,0.5100202657059221
1650,306325,4C,M2B,0.4913307813555505
1651,306325,4C,M2T,0.516099977482549
1652,306325,4C,M3B,0.5701418599414546
1653,306325,4C,M3T,0.3902274262553479
1654,306325,4C,M4B,0.5147489304210764
1655,306325,4C,M4T,0.461382571492907
1656,306325,4C,S1B,0.356000900698041
1657,306325,4C,S1T,0.4046385949110561
1658,306325,4C,S2B,0.5604593560009007
1659,306325,4C,S2T,0.5043909029497861
1660,306325,4C,S3B,0.4888538617428507
1661,306325,4C,S3T,0.47669443818959695
1662,306325,4C,S4B,0.47669443818959695
1663,306325,4C,S4T,0.47669443818959695
1664,306325,5A,M1B,0.5424453951812654
1665,306325,5A,M1T,0.602566989416798
1666,306325,5A,M2B,0.4172483674848007
1667,306325,5A,M2T,0.3987840576446746
1668,306325,5A,M3B,0.4210763341589732
1669,306325,5A,M3T,0.2999324476469264
1670,306325,5A,M4B,0.45823012834947086
1671,306325,5A,M4T,0.46295879306462506
1672,306325,5A,S1B,0.602566989416798
1673,306325,5A,S1T,0.49696014411168654
1674,306325,5A,S2B,0.4032875478495834
1675,306325,5A,S2T,0.5212789912181941
1676,306325,5A,S3B,0.3751407340689034
1677,306325,5A,S3T,0.40936725962621034
1678,306325,5A,S4B,0.40936725962621034
1679,306325,5A,S4T,0.40936725962621034
1680,306325,5C,M1B,0.433235757712227
1681,306325,5C,M1T,0.48750281468137807
1682,306325,5C,M2B,0.4760189146588606
1683,306325,5C,M2T,0.43976581850934476
1684,306325,5C,M3B,0.5147489304210764
1685,306325,5C,M3T,0.47061472641297003
1686,306325,5C,M4B,0.5206034676874578
1687,306325,5C,M4T,0.5005629362756137
1688,306325,5C,S1B,0.4483224498986715
1689,306325,5C,S1T,0.47061472641297003
1690,306325,5C,S2B,0.5735194775951362
1691,306325,5C,S2T,0.5708173834721909
1692,306325,5C,S3B,0.5568565638369737
1693,306325,5C,S3T,0.45665390677775275
1694,306325,5C,S4B,0.45665390677775275
1695,306325,5C,S4T,0.45665390677775275
1696,306325,6A,M1B,0.555505516775501
1697,306325,6A,M1T,0.5212789912181941
1698,306325,6A,M2B,0.45260076559333484
1699,306325,6A,M2T,0.4904300833145688
1700,306325,6A,M3B,0.47782031074082415
1701,306325,6A,M3T,0.36455753208736774
1702,306325,6A,M4B,0.47782031074082415
1703,306325,6A,M4T,0.4379644224273812
1704,306325,6A,S1B,0.5739698266156271
1705,306325,6A,S1T,0.549876154019365
1706,306325,6A,S2B,0.46228326953388876
1707,306325,6A,S2T,0.4053141184417924
1708,306325,6A,S3B,0.25714929070029274
1709,306325,6A,S3T,0.39000225174510245
1710,306325,6A,S4B,0.39000225174510245
1711,306325,6A,S4T,0.39000225174510245
1712,306325,6C,M1B,0.4827741499662238
1713,306325,6C,M1T,0.4562035577572619
1714,306325,6C,M2B,0.5127223598288674
1715,306325,6C,M2T,0.4994370637243864
1716,306325,6C,M3B,0.5174510245440216
1717,306325,6C,M3T,0.5532537716730466
1718,306325,6C,M4B,0.5811754109434812
1719,306325,6C,M4T,0.615852285521279
1720,306325,6C,S1B,0.37311416347669446
1721,306325,6C,S1T,0.4028371988290925
1722,306325,6C,S2B,0.5415446971402837
1723,306325,6C,S2T,0.5181265480747579
1724,306325,6C,S3B,0.5133978833596037
1725,306325,6C,S3T,0.5424453951812654
1726,306325,6C,S4B,0.5424453951812654
1727,306325,6C,S4T,0.5424453951812654
1728,306325,7A,M1B,0.6336410718306688
1729,306325,7A,M1T,0.5298356226075208
1730,306325,7A,M2B,0.3724386399459581
1731,306325,7A,M2T,0.5332132402612024
1732,306325,7A,M3B,0.36680927718982215
1733,306325,7A,M3T,0.31952263003827963
1734,306325,7A,M4B,0.3683854987615402
1735,306325,7A,M4T,0.41859941454627336
1736,306325,7A,S1B,0.6030173384372889
1737,306325,7A,S1T,0.48750281468137807
1738,306325,7A,S2B,0.3773924791713578
1739,306325,7A,S2T,0.6052690835397433
1740,306325,7A,S3B,0.40959243413645574
1741,306325,7A,S3T,0.4039630713803197
1742,306325,7A,S4B,0.4039630713803197
1743,306325,7A,S4T,0.4039630713803197
1744,306325,7C,M1B,0.43751407340689036
1745,306325,7C,M1T,0.4586804773699617
1746,306325,7C,M2B,0.45935600090069806
1747,306325,7C,M2T,0.48480072055843276
1748,306325,7C,M3B,0.521729340238685
1749,306325,7C,M3T,0.45935600090069806
1750,306325,7C,M4B,0.49786084215266835
1751,306325,7C,M4T,0.4877279891916235
1752,306325,7C,S1B,0.4064399909930196
1753,306325,7C,S1T,0.4429182616527809
1754,306325,7C,S2B,0.5404188245890565
1755,306325,7C,S2T,0.5417698716505291
1756,306325,7C,S3B,0.45417698716505295
1757,306325,7C,S3T,0.5591083089394281
1758,306325,7C,S4B,0.5591083089394281
1759,306325,7C,S4T,0.5591083089394281
1760,306325,8A,M1B,0.598964197252871
1761,306325,8A,M1T,0.48750281468137807
1762,306325,8A,M2B,0.37424003602792166
1763,306325,8A,M2T,0.48750281468137807
1764,306325,8A,M3B,0.3544246791263229
1765,306325,8A,M3T,0.47962170682278765
1766,306325,8A,M4B,0.47399234406665164
1767,306325,8A,M4T,0.5692411619004729
1768,306325,8A,S1B,0.48750281468137807
1769,306325,8A,S1T,0.48637694213015087
1770,306325,8A,S2B,0.48750281468137807
1771,306325,8A,S2T,0.634766944381896
1772,306325,8A,S3B,0.401035802747129
1773,306325,8A,S3T,0.4584553028597163
1774,306325,8A,S4B,0.4584553028597163
1775,306325,8A,S4T,0.4584553028597163
1776,306325,8C,M1B,0.48750281468137807
1777,306325,8C,M1T,0.46408466561585227
1778,306325,8C,M2B,0.5199279441567215
1779,306325,8C,M2T,0.4836748480072056
1780,306325,8C,M3B,0.5755460481873452
1781,306325,8C,M3T,0.5165503265030399
1782,306325,8C,M4B,0.4942580499887413
1783,306325,8C,M4T,0.5109209637469039
1784,306325,8C,S1B,0.4014861517676199
1785,306325,8C,S1T,0.46048187345192526
1786,306325,8C,S2B,0.5460481873451926
1787,306325,8C,S2T,0.4658860616978158
1788,306325,8C,S3B,0.47894618329205135
1789,306325,8C,S3T,0.5678901148390002
1790,306325,8C,S4B,0.5678901148390002
1791,306325,8C,S4T,0.5678901148390002
1792,306326,1A,M1B,0.49335735194775954
1793,306326,1A,M1T,0.5448097275388426
1794,306326,1A,M2B,0.2742625534789462
1795,306326,1A,M2T,0.4399909930195902
1796,306326,1A,M3B,0.5172258500337762
1797,306326,1A,M3T,0.39000225174510245
1798,306326,1A,M4B,0.5546048187345193
1799,306326,1A,M4T,0.438865120468363
1800,306326,1A,S1B,0.48761540193650077
1801,306326,1A,S1T,0.4893042107633416
1802,306326,1A,S2B,0.41071830668768294
1803,306326,1A,S2T,0.48480072055843276
1804,306326,1A,S3B,0.49696014411168654
1805,306326,1A,S3T,0.3809952713352849
1806,306326,1A,S4B,0.431209187120018
1807,306326,1A,S4T,0.3886512046836298
1808,306326,1C,M1B,0.45158748029723034
1809,306326,1C,M1T,0.4873902274262554
1810,306326,1C,M2B,0.6167529835622607
1811,306326,1C,M2T,0.5122720108083765
1812,306326,1C,M3B,0.38887637919387524
1813,306326,1C,M3T,0.48007205584327856
1814,306326,1C,M4B,0.43301058320198155
1815,306326,1C,M4T,0.4760189146588606
1816,306326,1C,S1B,0.48232380094573296
1817,306326,1C,S1T,0.45305111461382575
1818,306326,1C,S2B,0.561922990317496
1819,306326,1C,S2T,0.5154244539518127
1820,306326,1C,S3B,0.48750281468137807
1821,306326,1C,S3T,0.4658860616978158
1822,306326,1C,S4B,0.46070704796217066
1823,306326,1C,S4T,0.3665841026795767
1824,306326,2A,M1B,0.5591083089394281
1825,306326,2A,M1T,0.4080162125647377
1826,306326,2A,M2B,0.47894618329205135
1827,306326,2A,M2T,0.839900923215492
1828,306326,2A,M3B,0.5548299932447647
1829,306326,2A,M3T,0.5399684755685656
1830,306326,2A,M4B,0.5710425579824364
1831,306326,2A,M4T,0.22404863769421302
1832,306326,2A,S1B,0.5280342265255573
1833,306326,2A,S1T,0.48187345192524206
1834,306326,2A,S2B,0.8869623958567889
1835,306326,2A,S2T,0.8621931997297906
1836,306326,2A,S3B,0.4584553028597163
1837,306326,2A,S3T,0.4019365007881108
1838,306326,2A,S4B,0.4019365007881108
1839,306326,2A,S4T,0.4019365007881108
1840,306326,2C,M1B,0.37029948209862645
1841,306326,2C,M1T,0.34800720558432785
1842,306326,2C,M2B,0.636793514974105
1843,306326,2C,M2T,0.8646701193424904
1844,306326,2C,M3B,0.4539518126548075
1845,306326,2C,M3T,0.4825489754559784
1846,306326,2C,M4B,0.5347894618329205
1847,306326,2C,M4T,0.5181265480747579
1848,306326,2C,S1B,0.47331682053591534
1849,306326,2C,S1T,0.417135780229678
1850,306326,2C,S2B,0.8149065525782482
1851,306326,2C,S2T,0.7291150641747355
1852,306326,2C,S3B,0.4458455302859716
1853,306326,2C,S3T,0.36748480072055845
1854,306326,2C,S4B,0.36748480072055845
1855,306326,2C,S4T,0.36748480072055845
1856,306326,3A,M1B,0.3740148615176762
1857,306326,3A,M1T,0.627561360054042
1858,306326,3A,M2B,0.469038504841252
1859,306326,3A,M2T,0.39563161450123846
1860,306326,3A,M3B,0.5399684755685656
1861,306326,3A,M3T,0.36793514974104935
1862,306326,3A,M4B,0.5228552127899122
1863,306326,3A,M4T,0.6244089169106057
1864,306326,3A,S1B,0.5201531186669669
1865,306326,3A,S1T,0.2564737671695564
1866,306326,3A,S2B,0.36973654582301285
1867,306326,3A,S2T,0.602566989416798
1868,306326,3A,S3B,0.5735194775951362
1869,306326,3A,S3T,0.4005854537266381
1870,306326,3A,S4B,0.4005854537266381
1871,306326,3A,S4T,0.4005854537266381
1872,306326,3C,M1B,0.48750281468137807
1873,306326,3C,M1T,0.4877279891916235
1874,306326,3C,M2B,0.5886061697815808
1875,306326,3C,M2T,0.6016662913758163
1876,306326,3C,M3B,0.3958567890114839
1877,306326,3C,M3T,0.3787435262328305
1878,306326,3C,M4B,0.4316595361405089
1879,306326,3C,M4T,0.3735645124971853
1880,306326,3C,S1B,0.3492456653906778
1881,306326,3C,S1T,0.3454176987165053
1882,306326,3C,S2B,0.6036928619680252
1883,306326,3C,S2T,0.5233055618104031
1884,306326,3C,S3B,0.48007205584327856
1885,306326,3C,S3T,0.5564062148164828
1886,306326,3C,S4B,0.5564062148164828
1887,306326,3C,S4T,0.5564062148164828
1888,306326,4A,M1B,0.48682729115064177
1889,306326,4A,M1T,0.506867822562486
1890,306326,4A,M2B,0.3987840576446746
1891,306326,4A,M2T,0.5073181715829768
1892,306326,4A,M3B,0.5383922539968475
1893,306326,4A,M3T,0.378518351722585
1894,306326,4A,M4B,0.5203782931772123
1895,306326,4A,M4T,0.5449223147939654
1896,306326,4A,S1B,0.6541319522630038
1897,306326,4A,S1T,0.47106507543346093
1898,306326,4A,S2B,0.25714929070029274
1899,306326,4A,S2T,0.6117991443368611
1900,306326,4A,S3B,0.4890790362530962
1901,306326,4A,S3T,0.37333933798693986
1902,306326,4A,S4B,0.37333933798693986
1903,306326,4A,S4T,0.37333933798693986
1904,306326,4C,M1B,0.25714929070029274
1905,306326,4C,M1T,0.5064174735419951
1906,306326,4C,M2B,0.572393605043909
1907,306326,4C,M2T,0.38549876154019364
1908,306326,4C,M3B,0.5435712677324926
1909,306326,4C,M3T,0.4005854537266381
1910,306326,4C,M4B,0.36140508894393153
1911,306326,4C,M4T,0.5111461382571493
1912,306326,4C,S1B,0.3528484575546048
1913,306326,4C,S1T,0.401035802747129
1914,306326,4C,S2B,0.6635892816933123
1915,306326,4C,S2T,0.6133753659085792
1916,306326,4C,S3B,0.5023643323575772
1917,306326,4C,S3T,0.469038504841252
1918,306326,4C,S4B,0.469038504841252
1919,306326,4C,S4T,0.469038504841252
1920,306326,5A,M1B,0.48750281468137807
1921,306326,5A,M1T,0.6117991443368611
1922,306326,5A,M2B,0.36906102229227655
1923,306326,5A,M2T,0.3827966674172484
1924,306326,5A,M3B,0.43256023418149064
1925,306326,5A,M3T,0.3118666966899347
1926,306326,5A,M4B,0.5302859716280117
1927,306326,5A,M4T,0.5991893717631164
1928,306326,5A,S1B,0.6309389777077234
1929,306326,5A,S1T,0.48682729115064177
1930,306326,5A,S2B,0.37198829092546726
1931,306326,5A,S2T,0.5924341364557533
1932,306326,5A,S3B,0.37153794190497635
1933,306326,5A,S3T,0.3803197478045485
1934,306326,5A,S4B,0.3803197478045485
1935,306326,5A,S4T,0.3803197478045485
1936,306326,5C,M1B,0.3172708849358253
1937,306326,5C,M1T,0.3906777752758388
1938,306326,5C,M2B,0.6016662913758163
1939,306326,5C,M2T,0.5246566088718757
1940,306326,5C,M3B,0.49403287547849584
1941,306326,5C,M3T,0.4237784282819185
1942,306326,5C,M4B,0.4161224949335735
1943,306326,5C,M4T,0.49335735194775954
1944,306326,5C,S1B,0.2742625534789462
1945,306326,5C,S1T,0.4210763341589732
1946,306326,5C,S2B,0.6829542895744202
1947,306326,5C,S2T,0.7171808151317272
1948,306326,5C,S3B,0.4701643773924792
1949,306326,5C,S3T,0.49741049313217744
1950,306326,5C,S4B,0.49741049313217744
1951,306326,5C,S4T,0.49741049313217744
1952,306326,6A,M1B,0.487953163701869
1953,306326,6A,M1T,0.5528034226525558
1954,306326,6A,M2B,0.3724386399459581
1955,306326,6A,M2T,0.542670569691511
1956,306326,6A,M3B,0.455753208736771
1957,306326,6A,M3T,0.3740148615176762
1958,306326,6A,M4B,0.5570817383472191
1959,306326,6A,M4T,0.5113713127673948
1960,306326,6A,S1B,0.6642648052240486
1961,306326,6A,S1T,0.6027921639270435
1962,306326,6A,S2B,0.3598288673722135
1963,306326,6A,S2T,0.36298131051564964
1964,306326,6A,S3B,0.2632290024769196
1965,306326,6A,S3T,0.3827966674172484
1966,306326,6A,S4B,0.3827966674172484
1967,306326,6A,S4T,0.3827966674172484
1968,306326,6C,M1B,0.37221346543571265
1969,306326,6C,M1T,0.3695113713127674
1970,306326,6C,M2B,0.6926367935149741
1971,306326,6C,M2T,0.6899346993920288
1972,306326,6C,M3B,0.4764692636793515
1973,306326,6C,M3T,0.4983111911731592
1974,306326,6C,M4B,0.3891015537041207
1975,306326,6C,M4T,0.47264129700517904
1976,306326,6C,S1B,0.2569241161900473
1977,306326,6C,S1T,0.2591758612925017
1978,306326,6C,S2B,0.6624634091420851
1979,306326,6C,S2T,0.6052690835397433
1980,306326,6C,S3B,0.532988065750957
1981,306326,6C,S3T,0.5973879756811529
1982,306326,6C,S4B,0.5973879756811529
1983,306326,6C,S4T,0.5973879756811529
1984,306326,7A,M1B,0.6451249718531862
1985,306326,7A,M1T,0.5034902049088044
1986,306326,7A,M2B,0.3469939202882234
1987,306326,7A,M2T,0.47151542445395184
1988,306326,7A,M3B,0.38437288898896643
1989,306326,7A,M3T,0.36883584778203105
1990,306326,7A,M4B,0.44336861067327177
1991,306326,7A,M4T,0.5176761990542671
1992,306326,7A,S1B,0.6417473541995047
1993,306326,7A,S1T,0.48817833821211437
1994,306326,7A,S2B,0.25895068678225625
1995,306326,7A,S2T,0.6027921639270435
1996,306326,7A,S3B,0.41274487727989195
1997,306326,7A,S3T,0.3724386399459581
1998,306326,7A,S4B,0.3724386399459581
1999,306326,7A,S4T,0.3724386399459581
2000,306326,7C,M1B,0.4298581400585454
2001,306326,7C,M1T,0.37221346543571265
2002,306326,7C,M2B,0.54222022067102
2003,306326,7C,M2T,0.6000900698040982
2004,306326,7C,M3B,0.4913307813555505
2005,306326,7C,M3T,0.4080162125647377
2006,306326,7C,M4B,0.47782031074082415
2007,306326,7C,M4T,0.4109434811979284
2008,306326,7C,S1B,0.3632064850258951
2009,306326,7C,S1T,0.3172708849358253
2010,306326,7C,S2B,0.5991893717631164
2011,306326,7C,S2T,0.6879081287998199
2012,306326,7C,S3B,0.3827966674172484
2013,306326,7C,S3T,0.5399684755685656
2014,306326,7C,S4B,0.5399684755685656
2015,306326,7C,S4T,0.5399684755685656
2016,306326,8A,M1B,0.5823012834947084
2017,306326,8A,M1T,0.48750281468137807
2018,306326,8A,M2B,0.36906102229227655
2019,306326,8A,M2T,0.48750281468137807
2020,306326,8A,M3B,0.36996172033325825
2021,306326,8A,M3T,0.48232380094573296
2022,306326,8A,M4B,0.5248817833821211
2023,306326,8A,M4T,0.47331682053591534
2024,306326,8A,S1B,0.5449223147939654
2025,306326,8A,S1T,0.378518351722585
2026,306326,8A,S2B,0.4109434811979284
2027,306326,8A,S2T,0.6525557306912857
2028,306326,8A,S3B,0.46273361855437967
2029,306326,8A,S3T,0.49110560684530513
2030,306326,8A,S4B,0.49110560684530513
2031,306326,8A,S4T,0.49110560684530513
2032,306326,8C,M1B,0.48750281468137807
2033,306326,8C,M1T,0.37221346543571265
2034,306326,8C,M2B,0.6018914658860617
2035,306326,8C,M2T,0.6131501913983337
2036,306326,8C,M3B,0.5415446971402837
2037,306326,8C,M3T,0.4893042107633416
2038,306326,8C,M4B,0.45440216167529834
2039,306326,8C,M4T,0.3573519477595136
2040,306326,8C,S1B,0.33596036928619677
2041,306326,8C,S1T,0.2639045260076559
2042,306326,8C,S2B,0.6442242738122045
2043,306326,8C,S2T,0.5505516775501014
2044,306326,8C,S3B,0.50123845980635
2045,306326,8C,S3T,0.5753208736770997
2046,306326,8C,S4B,0.5753208736770997
2047,306326,8C,S4T,0.5753208736770997
